授業名,URL
特別研究,https://risyu.saitama-u.ac.jp/Portal/Public/Syllabus/DetailMain.aspx?lct_year=2023&lct_cd=M10011&je_cd=1
特別研究,https://risyu.saitama-u.ac.jp/Portal/Public/Syllabus/DetailMain.aspx?lct_year=2023&lct_cd=M10012&je_cd=1
特別研究,https://risyu.saitama-u.ac.jp/Portal/Public/Syllabus/DetailMain.aspx?lct_year=2023&lct_cd=M10013&je_cd=1
特別研究,https://risyu.saitama-u.ac.jp/Portal/Public/Syllabus/DetailMain.aspx?lct_year=2023&lct_cd=M10014&je_cd=1
特別研究,https://risyu.saitama-u.ac.jp/Portal/Public/Syllabus/DetailMain.aspx?lct_year=2023&lct_cd=M10015&je_cd=1
特別研究,https://risyu.saitama-u.ac.jp/Portal/Public/Syllabus/DetailMain.aspx?lct_year=2023&lct_cd=M10016&je_cd=1
特別研究,https://risyu.saitama-u.ac.jp/Portal/Public/Syllabus/DetailMain.aspx?lct_year=2023&lct_cd=M10017&je_cd=1
特別研究,https://risyu.saitama-u.ac.jp/Portal/Public/Syllabus/DetailMain.aspx?lct_year=2023&lct_cd=M10018&je_cd=1
特別研究Ⅰ,https://risyu.saitama-u.ac.jp/Portal/Public/Syllabus/DetailMain.aspx?lct_year=2023&lct_cd=M20181&je_cd=1
特別研究Ⅰ,https://risyu.saitama-u.ac.jp/Portal/Public/Syllabus/DetailMain.aspx?lct_year=2023&lct_cd=M20182&je_cd=1
特別研究Ⅰ,https://risyu.saitama-u.ac.jp/Portal/Public/Syllabus/DetailMain.aspx?lct_year=2023&lct_cd=M20183&je_cd=1
特別研究Ⅱ,https://risyu.saitama-u.ac.jp/Portal/Public/Syllabus/DetailMain.aspx?lct_year=2023&lct_cd=M20191&je_cd=1
特別研究Ⅱ,https://risyu.saitama-u.ac.jp/Portal/Public/Syllabus/DetailMain.aspx?lct_year=2023&lct_cd=M20192&je_cd=1
特別研究Ⅱ,https://risyu.saitama-u.ac.jp/Portal/Public/Syllabus/DetailMain.aspx?lct_year=2023&lct_cd=M20193&je_cd=1
特別研究,https://risyu.saitama-u.ac.jp/Portal/Public/Syllabus/DetailMain.aspx?lct_year=2023&lct_cd=M32070&je_cd=1
特別研究,https://risyu.saitama-u.ac.jp/Portal/Public/Syllabus/DetailMain.aspx?lct_year=2023&lct_cd=M32071&je_cd=1
特別研究,https://risyu.saitama-u.ac.jp/Portal/Public/Syllabus/DetailMain.aspx?lct_year=2023&lct_cd=M32072&je_cd=1
特別研究,https://risyu.saitama-u.ac.jp/Portal/Public/Syllabus/DetailMain.aspx?lct_year=2023&lct_cd=M32073&je_cd=1
特別研究,https://risyu.saitama-u.ac.jp/Portal/Public/Syllabus/DetailMain.aspx?lct_year=2023&lct_cd=M41390&je_cd=1
特別研究,https://risyu.saitama-u.ac.jp/Portal/Public/Syllabus/DetailMain.aspx?lct_year=2023&lct_cd=M41391&je_cd=1
特別研究,https://risyu.saitama-u.ac.jp/Portal/Public/Syllabus/DetailMain.aspx?lct_year=2023&lct_cd=M41392&je_cd=1
特別研究,https://risyu.saitama-u.ac.jp/Portal/Public/Syllabus/DetailMain.aspx?lct_year=2023&lct_cd=M41393&je_cd=1
電気電子工学特別研究Ⅰ,https://risyu.saitama-u.ac.jp/Portal/Public/Syllabus/DetailMain.aspx?lct_year=2023&lct_cd=M42430&je_cd=1
電気電子工学特別研究Ⅰ,https://risyu.saitama-u.ac.jp/Portal/Public/Syllabus/DetailMain.aspx?lct_year=2023&lct_cd=M42435&je_cd=1
電気電子工学特別研究Ⅱ,https://risyu.saitama-u.ac.jp/Portal/Public/Syllabus/DetailMain.aspx?lct_year=2023&lct_cd=M42440&je_cd=1
電気電子工学特別研究Ⅱ,https://risyu.saitama-u.ac.jp/Portal/Public/Syllabus/DetailMain.aspx?lct_year=2023&lct_cd=M42445&je_cd=1
プレゼンテーション特別演習,https://risyu.saitama-u.ac.jp/Portal/Public/Syllabus/DetailMain.aspx?lct_year=2023&lct_cd=M43256&je_cd=1
情報工学特別研究Ⅰ,https://risyu.saitama-u.ac.jp/Portal/Public/Syllabus/DetailMain.aspx?lct_year=2023&lct_cd=M43430&je_cd=1
情報工学特別研究Ⅰ,https://risyu.saitama-u.ac.jp/Portal/Public/Syllabus/DetailMain.aspx?lct_year=2023&lct_cd=M43435&je_cd=1
情報工学特別研究Ⅱ,https://risyu.saitama-u.ac.jp/Portal/Public/Syllabus/DetailMain.aspx?lct_year=2023&lct_cd=M43440&je_cd=1
情報工学特別研究Ⅱ,https://risyu.saitama-u.ac.jp/Portal/Public/Syllabus/DetailMain.aspx?lct_year=2023&lct_cd=M43445&je_cd=1
情報工学特別研究Ⅱ,https://risyu.saitama-u.ac.jp/Portal/Public/Syllabus/DetailMain.aspx?lct_year=2023&lct_cd=M43446&je_cd=1
機械工学輪講Ⅰ,https://risyu.saitama-u.ac.jp/Portal/Public/Syllabus/DetailMain.aspx?lct_year=2023&lct_cd=M51170&je_cd=1
機械工学輪講Ⅱ,https://risyu.saitama-u.ac.jp/Portal/Public/Syllabus/DetailMain.aspx?lct_year=2023&lct_cd=M51180&je_cd=1
機械工学輪講Ⅲ,https://risyu.saitama-u.ac.jp/Portal/Public/Syllabus/DetailMain.aspx?lct_year=2023&lct_cd=M51190&je_cd=1
機械工学輪講Ⅳ,https://risyu.saitama-u.ac.jp/Portal/Public/Syllabus/DetailMain.aspx?lct_year=2023&lct_cd=M51200&je_cd=1
機械工学特別研究Ⅰ,https://risyu.saitama-u.ac.jp/Portal/Public/Syllabus/DetailMain.aspx?lct_year=2023&lct_cd=M51210&je_cd=1
機械工学特別研究Ⅰ,https://risyu.saitama-u.ac.jp/Portal/Public/Syllabus/DetailMain.aspx?lct_year=2023&lct_cd=M51215&je_cd=1
機械工学特別研究Ⅱ,https://risyu.saitama-u.ac.jp/Portal/Public/Syllabus/DetailMain.aspx?lct_year=2023&lct_cd=M51220&je_cd=1
機械工学特別研究Ⅱ,https://risyu.saitama-u.ac.jp/Portal/Public/Syllabus/DetailMain.aspx?lct_year=2023&lct_cd=M51225&je_cd=1
メカノロボット工学輪講Ⅰ,https://risyu.saitama-u.ac.jp/Portal/Public/Syllabus/DetailMain.aspx?lct_year=2023&lct_cd=M52130&je_cd=1
メカノロボット工学輪講Ⅱ,https://risyu.saitama-u.ac.jp/Portal/Public/Syllabus/DetailMain.aspx?lct_year=2023&lct_cd=M52140&je_cd=1
メカノロボット工学輪講Ⅲ,https://risyu.saitama-u.ac.jp/Portal/Public/Syllabus/DetailMain.aspx?lct_year=2023&lct_cd=M52150&je_cd=1
メカノロボット工学輪講Ⅳ,https://risyu.saitama-u.ac.jp/Portal/Public/Syllabus/DetailMain.aspx?lct_year=2023&lct_cd=M52160&je_cd=1
メカノロボット特別研究Ⅰ,https://risyu.saitama-u.ac.jp/Portal/Public/Syllabus/DetailMain.aspx?lct_year=2023&lct_cd=M52170&je_cd=1
メカノロボット特別研究Ⅰ,https://risyu.saitama-u.ac.jp/Portal/Public/Syllabus/DetailMain.aspx?lct_year=2023&lct_cd=M52175&je_cd=1
メカノロボット特別研究Ⅱ,https://risyu.saitama-u.ac.jp/Portal/Public/Syllabus/DetailMain.aspx?lct_year=2023&lct_cd=M52180&je_cd=1
メカノロボット特別研究Ⅱ,https://risyu.saitama-u.ac.jp/Portal/Public/Syllabus/DetailMain.aspx?lct_year=2023&lct_cd=M52185&je_cd=1
社会基盤特別研究Ⅰ,https://risyu.saitama-u.ac.jp/Portal/Public/Syllabus/DetailMain.aspx?lct_year=2023&lct_cd=M61240&je_cd=1
社会基盤特別研究Ⅰ,https://risyu.saitama-u.ac.jp/Portal/Public/Syllabus/DetailMain.aspx?lct_year=2023&lct_cd=M61245&je_cd=1
社会基盤特別研究Ⅱ,https://risyu.saitama-u.ac.jp/Portal/Public/Syllabus/DetailMain.aspx?lct_year=2023&lct_cd=M61250&je_cd=1
社会基盤特別研究Ⅱ,https://risyu.saitama-u.ac.jp/Portal/Public/Syllabus/DetailMain.aspx?lct_year=2023&lct_cd=M61255&je_cd=1
社会基盤特別研究Ⅲ,https://risyu.saitama-u.ac.jp/Portal/Public/Syllabus/DetailMain.aspx?lct_year=2023&lct_cd=M61270&je_cd=1
社会基盤特別研究Ⅲ,https://risyu.saitama-u.ac.jp/Portal/Public/Syllabus/DetailMain.aspx?lct_year=2023&lct_cd=M61271&je_cd=1
環境制御システム特別研究Ⅱ,https://risyu.saitama-u.ac.jp/Portal/Public/Syllabus/DetailMain.aspx?lct_year=2023&lct_cd=M62300&je_cd=1
インターンシップ,https://risyu.saitama-u.ac.jp/Portal/Public/Syllabus/DetailMain.aspx?lct_year=2023&lct_cd=MM10010&je_cd=1
分子生物学特論3,https://risyu.saitama-u.ac.jp/Portal/Public/Syllabus/DetailMain.aspx?lct_year=2023&lct_cd=MM10040&je_cd=1
分子生物学特論4,https://risyu.saitama-u.ac.jp/Portal/Public/Syllabus/DetailMain.aspx?lct_year=2023&lct_cd=MM10050&je_cd=1
生体制御学特論3,https://risyu.saitama-u.ac.jp/Portal/Public/Syllabus/DetailMain.aspx?lct_year=2023&lct_cd=MM10080&je_cd=1
生体制御学特論4,https://risyu.saitama-u.ac.jp/Portal/Public/Syllabus/DetailMain.aspx?lct_year=2023&lct_cd=MM10090&je_cd=1
生体制御学特論5,https://risyu.saitama-u.ac.jp/Portal/Public/Syllabus/DetailMain.aspx?lct_year=2023&lct_cd=MM10100&je_cd=1
分子生物学特別研究1,https://risyu.saitama-u.ac.jp/Portal/Public/Syllabus/DetailMain.aspx?lct_year=2023&lct_cd=MM11010&je_cd=1
分子生物学特別研究1,https://risyu.saitama-u.ac.jp/Portal/Public/Syllabus/DetailMain.aspx?lct_year=2023&lct_cd=MM11015&je_cd=1
分子生物学特別研究2,https://risyu.saitama-u.ac.jp/Portal/Public/Syllabus/DetailMain.aspx?lct_year=2023&lct_cd=MM11020&je_cd=1
分子生物学特別研究2,https://risyu.saitama-u.ac.jp/Portal/Public/Syllabus/DetailMain.aspx?lct_year=2023&lct_cd=MM11025&je_cd=1
分子遺伝学特論2,https://risyu.saitama-u.ac.jp/Portal/Public/Syllabus/DetailMain.aspx?lct_year=2023&lct_cd=MM11030&je_cd=1
分子遺伝学特論6,https://risyu.saitama-u.ac.jp/Portal/Public/Syllabus/DetailMain.aspx?lct_year=2023&lct_cd=MM11060&je_cd=1
分子遺伝学特論7,https://risyu.saitama-u.ac.jp/Portal/Public/Syllabus/DetailMain.aspx?lct_year=2023&lct_cd=MM11070&je_cd=1
細胞情報学特論3,https://risyu.saitama-u.ac.jp/Portal/Public/Syllabus/DetailMain.aspx?lct_year=2023&lct_cd=MM11090&je_cd=1
細胞情報学特論4,https://risyu.saitama-u.ac.jp/Portal/Public/Syllabus/DetailMain.aspx?lct_year=2023&lct_cd=MM11100&je_cd=1
細胞情報学特論5,https://risyu.saitama-u.ac.jp/Portal/Public/Syllabus/DetailMain.aspx?lct_year=2023&lct_cd=MM11110&je_cd=1
細胞情報学特論7,https://risyu.saitama-u.ac.jp/Portal/Public/Syllabus/DetailMain.aspx?lct_year=2023&lct_cd=MM11130&je_cd=1
分子細胞学特論1,https://risyu.saitama-u.ac.jp/Portal/Public/Syllabus/DetailMain.aspx?lct_year=2023&lct_cd=MM11140&je_cd=1
分子細胞学特論4,https://risyu.saitama-u.ac.jp/Portal/Public/Syllabus/DetailMain.aspx?lct_year=2023&lct_cd=MM11155&je_cd=1
分子細胞学特論5,https://risyu.saitama-u.ac.jp/Portal/Public/Syllabus/DetailMain.aspx?lct_year=2023&lct_cd=MM11160&je_cd=1
生命科学特別講義,https://risyu.saitama-u.ac.jp/Portal/Public/Syllabus/DetailMain.aspx?lct_year=2023&lct_cd=MM11190&je_cd=1
基礎分子生物学1,https://risyu.saitama-u.ac.jp/Portal/Public/Syllabus/DetailMain.aspx?lct_year=2023&lct_cd=MM11200&je_cd=1
基礎分子生物学4,https://risyu.saitama-u.ac.jp/Portal/Public/Syllabus/DetailMain.aspx?lct_year=2023&lct_cd=MM11210&je_cd=1
基礎分子生物学5,https://risyu.saitama-u.ac.jp/Portal/Public/Syllabus/DetailMain.aspx?lct_year=2023&lct_cd=MM11220&je_cd=1
基礎分子生物学6,https://risyu.saitama-u.ac.jp/Portal/Public/Syllabus/DetailMain.aspx?lct_year=2023&lct_cd=MM11230&je_cd=1
細胞生化学輪講1A,https://risyu.saitama-u.ac.jp/Portal/Public/Syllabus/DetailMain.aspx?lct_year=2023&lct_cd=MM11240&je_cd=1
細胞生化学輪講1B,https://risyu.saitama-u.ac.jp/Portal/Public/Syllabus/DetailMain.aspx?lct_year=2023&lct_cd=MM11250&je_cd=1
細胞生化学輪講2A,https://risyu.saitama-u.ac.jp/Portal/Public/Syllabus/DetailMain.aspx?lct_year=2023&lct_cd=MM11260&je_cd=1
細胞生化学輪講2B,https://risyu.saitama-u.ac.jp/Portal/Public/Syllabus/DetailMain.aspx?lct_year=2023&lct_cd=MM11270&je_cd=1
生体物質生化学輪講1A,https://risyu.saitama-u.ac.jp/Portal/Public/Syllabus/DetailMain.aspx?lct_year=2023&lct_cd=MM11280&je_cd=1
生体物質生化学輪講1B,https://risyu.saitama-u.ac.jp/Portal/Public/Syllabus/DetailMain.aspx?lct_year=2023&lct_cd=MM11290&je_cd=1
生体物質生化学輪講2A,https://risyu.saitama-u.ac.jp/Portal/Public/Syllabus/DetailMain.aspx?lct_year=2023&lct_cd=MM11300&je_cd=1
生体物質生化学輪講2B,https://risyu.saitama-u.ac.jp/Portal/Public/Syllabus/DetailMain.aspx?lct_year=2023&lct_cd=MM11310&je_cd=1
生合成輪講1A,https://risyu.saitama-u.ac.jp/Portal/Public/Syllabus/DetailMain.aspx?lct_year=2023&lct_cd=MM11320&je_cd=1
生合成輪講1B,https://risyu.saitama-u.ac.jp/Portal/Public/Syllabus/DetailMain.aspx?lct_year=2023&lct_cd=MM11330&je_cd=1
生合成輪講2A,https://risyu.saitama-u.ac.jp/Portal/Public/Syllabus/DetailMain.aspx?lct_year=2023&lct_cd=MM11340&je_cd=1
生合成輪講2B,https://risyu.saitama-u.ac.jp/Portal/Public/Syllabus/DetailMain.aspx?lct_year=2023&lct_cd=MM11350&je_cd=1
環境生物学輪講1A,https://risyu.saitama-u.ac.jp/Portal/Public/Syllabus/DetailMain.aspx?lct_year=2023&lct_cd=MM11360&je_cd=1
環境生物学輪講1B,https://risyu.saitama-u.ac.jp/Portal/Public/Syllabus/DetailMain.aspx?lct_year=2023&lct_cd=MM11370&je_cd=1
環境生物学輪講2A,https://risyu.saitama-u.ac.jp/Portal/Public/Syllabus/DetailMain.aspx?lct_year=2023&lct_cd=MM11380&je_cd=1
環境生物学輪講2B,https://risyu.saitama-u.ac.jp/Portal/Public/Syllabus/DetailMain.aspx?lct_year=2023&lct_cd=MM11390&je_cd=1
タンパク質科学輪講1A,https://risyu.saitama-u.ac.jp/Portal/Public/Syllabus/DetailMain.aspx?lct_year=2023&lct_cd=MM11400&je_cd=1
タンパク質科学輪講1B,https://risyu.saitama-u.ac.jp/Portal/Public/Syllabus/DetailMain.aspx?lct_year=2023&lct_cd=MM11410&je_cd=1
タンパク質科学輪講2A,https://risyu.saitama-u.ac.jp/Portal/Public/Syllabus/DetailMain.aspx?lct_year=2023&lct_cd=MM11420&je_cd=1
タンパク質科学輪講2B,https://risyu.saitama-u.ac.jp/Portal/Public/Syllabus/DetailMain.aspx?lct_year=2023&lct_cd=MM11430&je_cd=1
細胞情報学輪講1A,https://risyu.saitama-u.ac.jp/Portal/Public/Syllabus/DetailMain.aspx?lct_year=2023&lct_cd=MM11440&je_cd=1
細胞情報学輪講1B,https://risyu.saitama-u.ac.jp/Portal/Public/Syllabus/DetailMain.aspx?lct_year=2023&lct_cd=MM11450&je_cd=1
細胞情報学輪講2A,https://risyu.saitama-u.ac.jp/Portal/Public/Syllabus/DetailMain.aspx?lct_year=2023&lct_cd=MM11460&je_cd=1
細胞情報学輪講2B,https://risyu.saitama-u.ac.jp/Portal/Public/Syllabus/DetailMain.aspx?lct_year=2023&lct_cd=MM11470&je_cd=1
遺伝子発現学輪講1A,https://risyu.saitama-u.ac.jp/Portal/Public/Syllabus/DetailMain.aspx?lct_year=2023&lct_cd=MM11480&je_cd=1
遺伝子発現学輪講1B,https://risyu.saitama-u.ac.jp/Portal/Public/Syllabus/DetailMain.aspx?lct_year=2023&lct_cd=MM11490&je_cd=1
遺伝子発現学輪講2A,https://risyu.saitama-u.ac.jp/Portal/Public/Syllabus/DetailMain.aspx?lct_year=2023&lct_cd=MM11500&je_cd=1
遺伝子発現学輪講2B,https://risyu.saitama-u.ac.jp/Portal/Public/Syllabus/DetailMain.aspx?lct_year=2023&lct_cd=MM11510&je_cd=1
分子微生物学輪講1A,https://risyu.saitama-u.ac.jp/Portal/Public/Syllabus/DetailMain.aspx?lct_year=2023&lct_cd=MM11520&je_cd=1
分子微生物学輪講1B,https://risyu.saitama-u.ac.jp/Portal/Public/Syllabus/DetailMain.aspx?lct_year=2023&lct_cd=MM11530&je_cd=1
分子微生物学輪講2A,https://risyu.saitama-u.ac.jp/Portal/Public/Syllabus/DetailMain.aspx?lct_year=2023&lct_cd=MM11540&je_cd=1
分子微生物学輪講2B,https://risyu.saitama-u.ac.jp/Portal/Public/Syllabus/DetailMain.aspx?lct_year=2023&lct_cd=MM11550&je_cd=1
植物環境科学輪講1A,https://risyu.saitama-u.ac.jp/Portal/Public/Syllabus/DetailMain.aspx?lct_year=2023&lct_cd=MM11560&je_cd=1
植物環境科学輪講1B,https://risyu.saitama-u.ac.jp/Portal/Public/Syllabus/DetailMain.aspx?lct_year=2023&lct_cd=MM11570&je_cd=1
植物環境科学輪講2A,https://risyu.saitama-u.ac.jp/Portal/Public/Syllabus/DetailMain.aspx?lct_year=2023&lct_cd=MM11580&je_cd=1
植物環境科学輪講2B,https://risyu.saitama-u.ac.jp/Portal/Public/Syllabus/DetailMain.aspx?lct_year=2023&lct_cd=MM11590&je_cd=1
微生物脂質科学輪講1A,https://risyu.saitama-u.ac.jp/Portal/Public/Syllabus/DetailMain.aspx?lct_year=2023&lct_cd=MM11600&je_cd=1
微生物脂質科学輪講1B,https://risyu.saitama-u.ac.jp/Portal/Public/Syllabus/DetailMain.aspx?lct_year=2023&lct_cd=MM11610&je_cd=1
微生物脂質科学輪講2A,https://risyu.saitama-u.ac.jp/Portal/Public/Syllabus/DetailMain.aspx?lct_year=2023&lct_cd=MM11620&je_cd=1
微生物脂質科学輪講2B,https://risyu.saitama-u.ac.jp/Portal/Public/Syllabus/DetailMain.aspx?lct_year=2023&lct_cd=MM11630&je_cd=1
生体制御学特別研究1,https://risyu.saitama-u.ac.jp/Portal/Public/Syllabus/DetailMain.aspx?lct_year=2023&lct_cd=MM12010&je_cd=1
生体制御学特別研究1,https://risyu.saitama-u.ac.jp/Portal/Public/Syllabus/DetailMain.aspx?lct_year=2023&lct_cd=MM12015&je_cd=1
生体制御学特別研究2,https://risyu.saitama-u.ac.jp/Portal/Public/Syllabus/DetailMain.aspx?lct_year=2023&lct_cd=MM12020&je_cd=1
生体制御学特別研究2,https://risyu.saitama-u.ac.jp/Portal/Public/Syllabus/DetailMain.aspx?lct_year=2023&lct_cd=MM12025&je_cd=1
基礎生体制御学1,https://risyu.saitama-u.ac.jp/Portal/Public/Syllabus/DetailMain.aspx?lct_year=2023&lct_cd=MM12030&je_cd=1
基礎生体制御学3,https://risyu.saitama-u.ac.jp/Portal/Public/Syllabus/DetailMain.aspx?lct_year=2023&lct_cd=MM12050&je_cd=1
基礎生体制御学5,https://risyu.saitama-u.ac.jp/Portal/Public/Syllabus/DetailMain.aspx?lct_year=2023&lct_cd=MM12070&je_cd=1
微生物学特論,https://risyu.saitama-u.ac.jp/Portal/Public/Syllabus/DetailMain.aspx?lct_year=2023&lct_cd=MM12080&je_cd=1
発生生物学特論1,https://risyu.saitama-u.ac.jp/Portal/Public/Syllabus/DetailMain.aspx?lct_year=2023&lct_cd=MM12100&je_cd=1
調節生理学特論1,https://risyu.saitama-u.ac.jp/Portal/Public/Syllabus/DetailMain.aspx?lct_year=2023&lct_cd=MM12130&je_cd=1
調節生理学特論2,https://risyu.saitama-u.ac.jp/Portal/Public/Syllabus/DetailMain.aspx?lct_year=2023&lct_cd=MM12140&je_cd=1
細胞制御学特論1,https://risyu.saitama-u.ac.jp/Portal/Public/Syllabus/DetailMain.aspx?lct_year=2023&lct_cd=MM12150&je_cd=1
適応生理学特論,https://risyu.saitama-u.ac.jp/Portal/Public/Syllabus/DetailMain.aspx?lct_year=2023&lct_cd=MM12160&je_cd=1
生体応答制御学特論,https://risyu.saitama-u.ac.jp/Portal/Public/Syllabus/DetailMain.aspx?lct_year=2023&lct_cd=MM12170&je_cd=1
計算機構造創薬特論,https://risyu.saitama-u.ac.jp/Portal/Public/Syllabus/DetailMain.aspx?lct_year=2023&lct_cd=MM12190&je_cd=1
遺伝学輪講A,https://risyu.saitama-u.ac.jp/Portal/Public/Syllabus/DetailMain.aspx?lct_year=2023&lct_cd=MM12220&je_cd=1
遺伝学輪講B,https://risyu.saitama-u.ac.jp/Portal/Public/Syllabus/DetailMain.aspx?lct_year=2023&lct_cd=MM12230&je_cd=1
発生生物学輪講2A,https://risyu.saitama-u.ac.jp/Portal/Public/Syllabus/DetailMain.aspx?lct_year=2023&lct_cd=MM12260&je_cd=1
発生生物学輪講2B,https://risyu.saitama-u.ac.jp/Portal/Public/Syllabus/DetailMain.aspx?lct_year=2023&lct_cd=MM12270&je_cd=1
発生生物学輪講3A,https://risyu.saitama-u.ac.jp/Portal/Public/Syllabus/DetailMain.aspx?lct_year=2023&lct_cd=MM12280&je_cd=1
発生生物学輪講3B,https://risyu.saitama-u.ac.jp/Portal/Public/Syllabus/DetailMain.aspx?lct_year=2023&lct_cd=MM12290&je_cd=1
調節生理学輪講1A,https://risyu.saitama-u.ac.jp/Portal/Public/Syllabus/DetailMain.aspx?lct_year=2023&lct_cd=MM12300&je_cd=1
調節生理学輪講1B,https://risyu.saitama-u.ac.jp/Portal/Public/Syllabus/DetailMain.aspx?lct_year=2023&lct_cd=MM12310&je_cd=1
生殖医療学輪講A,https://risyu.saitama-u.ac.jp/Portal/Public/Syllabus/DetailMain.aspx?lct_year=2023&lct_cd=MM12420&je_cd=1
生殖医療学輪講B,https://risyu.saitama-u.ac.jp/Portal/Public/Syllabus/DetailMain.aspx?lct_year=2023&lct_cd=MM12430&je_cd=1
精密有機合成化学特論,https://risyu.saitama-u.ac.jp/Portal/Public/Syllabus/DetailMain.aspx?lct_year=2023&lct_cd=MM20020&je_cd=1
インターンシップⅠ,https://risyu.saitama-u.ac.jp/Portal/Public/Syllabus/DetailMain.aspx?lct_year=2023&lct_cd=MM20050&je_cd=1
インターンシップⅡ,https://risyu.saitama-u.ac.jp/Portal/Public/Syllabus/DetailMain.aspx?lct_year=2023&lct_cd=MM20060&je_cd=1
物理学特別研究1,https://risyu.saitama-u.ac.jp/Portal/Public/Syllabus/DetailMain.aspx?lct_year=2023&lct_cd=MM21010&je_cd=1
物理学特別研究1,https://risyu.saitama-u.ac.jp/Portal/Public/Syllabus/DetailMain.aspx?lct_year=2023&lct_cd=MM21015&je_cd=1
物理学特別研究2,https://risyu.saitama-u.ac.jp/Portal/Public/Syllabus/DetailMain.aspx?lct_year=2023&lct_cd=MM21020&je_cd=1
物理学特別研究2,https://risyu.saitama-u.ac.jp/Portal/Public/Syllabus/DetailMain.aspx?lct_year=2023&lct_cd=MM21025&je_cd=1
有機導体特論Ⅰ,https://risyu.saitama-u.ac.jp/Portal/Public/Syllabus/DetailMain.aspx?lct_year=2023&lct_cd=MM21030&je_cd=1
希土類化合物特論Ⅱ,https://risyu.saitama-u.ac.jp/Portal/Public/Syllabus/DetailMain.aspx?lct_year=2023&lct_cd=MM21060&je_cd=1
構造解析特論Ⅱ,https://risyu.saitama-u.ac.jp/Portal/Public/Syllabus/DetailMain.aspx?lct_year=2023&lct_cd=MM21080&je_cd=1
素粒子論Ⅰ,https://risyu.saitama-u.ac.jp/Portal/Public/Syllabus/DetailMain.aspx?lct_year=2023&lct_cd=MM21090&je_cd=1
場の理論Ⅰ,https://risyu.saitama-u.ac.jp/Portal/Public/Syllabus/DetailMain.aspx?lct_year=2023&lct_cd=MM21110&je_cd=1
核物理学特論Ⅱ,https://risyu.saitama-u.ac.jp/Portal/Public/Syllabus/DetailMain.aspx?lct_year=2023&lct_cd=MM21140&je_cd=1
核物理学特論Ⅳ,https://risyu.saitama-u.ac.jp/Portal/Public/Syllabus/DetailMain.aspx?lct_year=2023&lct_cd=MM21160&je_cd=1
核物理学特論Ⅴ,https://risyu.saitama-u.ac.jp/Portal/Public/Syllabus/DetailMain.aspx?lct_year=2023&lct_cd=MM21170&je_cd=1
宇宙物理学特論Ⅰ,https://risyu.saitama-u.ac.jp/Portal/Public/Syllabus/DetailMain.aspx?lct_year=2023&lct_cd=MM21190&je_cd=1
宇宙物理学特論Ⅱ,https://risyu.saitama-u.ac.jp/Portal/Public/Syllabus/DetailMain.aspx?lct_year=2023&lct_cd=MM21200&je_cd=1
天体物理学特論Ⅰ,https://risyu.saitama-u.ac.jp/Portal/Public/Syllabus/DetailMain.aspx?lct_year=2023&lct_cd=MM21210&je_cd=1
天体物理学特論Ⅱ,https://risyu.saitama-u.ac.jp/Portal/Public/Syllabus/DetailMain.aspx?lct_year=2023&lct_cd=MM21220&je_cd=1
物性物理学特論Ⅰ,https://risyu.saitama-u.ac.jp/Portal/Public/Syllabus/DetailMain.aspx?lct_year=2023&lct_cd=MM21230&je_cd=1
量子物性学特論Ⅰ,https://risyu.saitama-u.ac.jp/Portal/Public/Syllabus/DetailMain.aspx?lct_year=2023&lct_cd=MM21250&je_cd=1
磁性物理学特論Ⅰ,https://risyu.saitama-u.ac.jp/Portal/Public/Syllabus/DetailMain.aspx?lct_year=2023&lct_cd=MM21270&je_cd=1
観測宇宙物理学特論Ⅰ,https://risyu.saitama-u.ac.jp/Portal/Public/Syllabus/DetailMain.aspx?lct_year=2023&lct_cd=MM21285&je_cd=1
観測天文学特論Ⅱ,https://risyu.saitama-u.ac.jp/Portal/Public/Syllabus/DetailMain.aspx?lct_year=2023&lct_cd=MM21300&je_cd=1
物理学特論ＡⅠ,https://risyu.saitama-u.ac.jp/Portal/Public/Syllabus/DetailMain.aspx?lct_year=2023&lct_cd=MM21310&je_cd=1
物理学特論ＢⅠ,https://risyu.saitama-u.ac.jp/Portal/Public/Syllabus/DetailMain.aspx?lct_year=2023&lct_cd=MM21330&je_cd=1
物理学特論ＣⅠ,https://risyu.saitama-u.ac.jp/Portal/Public/Syllabus/DetailMain.aspx?lct_year=2023&lct_cd=MM21350&je_cd=1
物理学特論ＤⅠ,https://risyu.saitama-u.ac.jp/Portal/Public/Syllabus/DetailMain.aspx?lct_year=2023&lct_cd=MM21370&je_cd=1
物理学輪講Ⅰ,https://risyu.saitama-u.ac.jp/Portal/Public/Syllabus/DetailMain.aspx?lct_year=2023&lct_cd=MM2139-01&je_cd=1
物理学輪講Ⅰ,https://risyu.saitama-u.ac.jp/Portal/Public/Syllabus/DetailMain.aspx?lct_year=2023&lct_cd=MM2139-02&je_cd=1
物理学輪講Ⅰ,https://risyu.saitama-u.ac.jp/Portal/Public/Syllabus/DetailMain.aspx?lct_year=2023&lct_cd=MM2139-03&je_cd=1
物理学輪講Ⅰ,https://risyu.saitama-u.ac.jp/Portal/Public/Syllabus/DetailMain.aspx?lct_year=2023&lct_cd=MM2139-04&je_cd=1
物理学輪講Ⅰ,https://risyu.saitama-u.ac.jp/Portal/Public/Syllabus/DetailMain.aspx?lct_year=2023&lct_cd=MM2139-05&je_cd=1
物理学輪講Ⅰ,https://risyu.saitama-u.ac.jp/Portal/Public/Syllabus/DetailMain.aspx?lct_year=2023&lct_cd=MM2139-06&je_cd=1
物理学輪講Ⅰ,https://risyu.saitama-u.ac.jp/Portal/Public/Syllabus/DetailMain.aspx?lct_year=2023&lct_cd=MM2139-07&je_cd=1
物理学輪講Ⅰ,https://risyu.saitama-u.ac.jp/Portal/Public/Syllabus/DetailMain.aspx?lct_year=2023&lct_cd=MM2139-08&je_cd=1
物理学輪講Ⅰ,https://risyu.saitama-u.ac.jp/Portal/Public/Syllabus/DetailMain.aspx?lct_year=2023&lct_cd=MM2139-09&je_cd=1
物理学輪講Ⅰ,https://risyu.saitama-u.ac.jp/Portal/Public/Syllabus/DetailMain.aspx?lct_year=2023&lct_cd=MM2139-10&je_cd=1
物理学輪講Ⅰ,https://risyu.saitama-u.ac.jp/Portal/Public/Syllabus/DetailMain.aspx?lct_year=2023&lct_cd=MM2139-11&je_cd=1
物理学輪講Ⅰ,https://risyu.saitama-u.ac.jp/Portal/Public/Syllabus/DetailMain.aspx?lct_year=2023&lct_cd=MM2139-12&je_cd=1
物理学輪講Ⅰ,https://risyu.saitama-u.ac.jp/Portal/Public/Syllabus/DetailMain.aspx?lct_year=2023&lct_cd=MM2139-13&je_cd=1
物理学輪講Ⅰ,https://risyu.saitama-u.ac.jp/Portal/Public/Syllabus/DetailMain.aspx?lct_year=2023&lct_cd=MM2139-14&je_cd=1
物理学輪講Ⅰ,https://risyu.saitama-u.ac.jp/Portal/Public/Syllabus/DetailMain.aspx?lct_year=2023&lct_cd=MM2139-15&je_cd=1
物理学輪講Ⅰ,https://risyu.saitama-u.ac.jp/Portal/Public/Syllabus/DetailMain.aspx?lct_year=2023&lct_cd=MM2139-16&je_cd=1
物理学輪講Ⅰ,https://risyu.saitama-u.ac.jp/Portal/Public/Syllabus/DetailMain.aspx?lct_year=2023&lct_cd=MM2139-17&je_cd=1
物理学輪講Ⅰ,https://risyu.saitama-u.ac.jp/Portal/Public/Syllabus/DetailMain.aspx?lct_year=2023&lct_cd=MM2139-18&je_cd=1
物理学輪講Ⅰ,https://risyu.saitama-u.ac.jp/Portal/Public/Syllabus/DetailMain.aspx?lct_year=2023&lct_cd=MM2139-19&je_cd=1
物理学輪講Ⅰ,https://risyu.saitama-u.ac.jp/Portal/Public/Syllabus/DetailMain.aspx?lct_year=2023&lct_cd=MM21395&je_cd=1
物理学輪講Ⅱ,https://risyu.saitama-u.ac.jp/Portal/Public/Syllabus/DetailMain.aspx?lct_year=2023&lct_cd=MM2140-01&je_cd=1
物理学輪講Ⅱ,https://risyu.saitama-u.ac.jp/Portal/Public/Syllabus/DetailMain.aspx?lct_year=2023&lct_cd=MM2140-02&je_cd=1
物理学輪講Ⅱ,https://risyu.saitama-u.ac.jp/Portal/Public/Syllabus/DetailMain.aspx?lct_year=2023&lct_cd=MM2140-03&je_cd=1
物理学輪講Ⅱ,https://risyu.saitama-u.ac.jp/Portal/Public/Syllabus/DetailMain.aspx?lct_year=2023&lct_cd=MM2140-04&je_cd=1
物理学輪講Ⅱ,https://risyu.saitama-u.ac.jp/Portal/Public/Syllabus/DetailMain.aspx?lct_year=2023&lct_cd=MM2140-05&je_cd=1
物理学輪講Ⅱ,https://risyu.saitama-u.ac.jp/Portal/Public/Syllabus/DetailMain.aspx?lct_year=2023&lct_cd=MM2140-06&je_cd=1
物理学輪講Ⅱ,https://risyu.saitama-u.ac.jp/Portal/Public/Syllabus/DetailMain.aspx?lct_year=2023&lct_cd=MM2140-07&je_cd=1
物理学輪講Ⅱ,https://risyu.saitama-u.ac.jp/Portal/Public/Syllabus/DetailMain.aspx?lct_year=2023&lct_cd=MM2140-08&je_cd=1
物理学輪講Ⅱ,https://risyu.saitama-u.ac.jp/Portal/Public/Syllabus/DetailMain.aspx?lct_year=2023&lct_cd=MM2140-09&je_cd=1
物理学輪講Ⅱ,https://risyu.saitama-u.ac.jp/Portal/Public/Syllabus/DetailMain.aspx?lct_year=2023&lct_cd=MM2140-10&je_cd=1
物理学輪講Ⅱ,https://risyu.saitama-u.ac.jp/Portal/Public/Syllabus/DetailMain.aspx?lct_year=2023&lct_cd=MM2140-11&je_cd=1
物理学輪講Ⅱ,https://risyu.saitama-u.ac.jp/Portal/Public/Syllabus/DetailMain.aspx?lct_year=2023&lct_cd=MM2140-12&je_cd=1
物理学輪講Ⅱ,https://risyu.saitama-u.ac.jp/Portal/Public/Syllabus/DetailMain.aspx?lct_year=2023&lct_cd=MM2140-13&je_cd=1
物理学輪講Ⅱ,https://risyu.saitama-u.ac.jp/Portal/Public/Syllabus/DetailMain.aspx?lct_year=2023&lct_cd=MM2140-14&je_cd=1
物理学輪講Ⅱ,https://risyu.saitama-u.ac.jp/Portal/Public/Syllabus/DetailMain.aspx?lct_year=2023&lct_cd=MM2140-15&je_cd=1
物理学輪講Ⅱ,https://risyu.saitama-u.ac.jp/Portal/Public/Syllabus/DetailMain.aspx?lct_year=2023&lct_cd=MM2140-16&je_cd=1
物理学輪講Ⅱ,https://risyu.saitama-u.ac.jp/Portal/Public/Syllabus/DetailMain.aspx?lct_year=2023&lct_cd=MM2140-17&je_cd=1
物理学輪講Ⅱ,https://risyu.saitama-u.ac.jp/Portal/Public/Syllabus/DetailMain.aspx?lct_year=2023&lct_cd=MM2140-18&je_cd=1
物理学輪講Ⅱ,https://risyu.saitama-u.ac.jp/Portal/Public/Syllabus/DetailMain.aspx?lct_year=2023&lct_cd=MM2140-19&je_cd=1
物理学輪講Ⅱ,https://risyu.saitama-u.ac.jp/Portal/Public/Syllabus/DetailMain.aspx?lct_year=2023&lct_cd=MM21405&je_cd=1
基礎化学特別研究,https://risyu.saitama-u.ac.jp/Portal/Public/Syllabus/DetailMain.aspx?lct_year=2023&lct_cd=MM22010&je_cd=1
基礎化学特別研究,https://risyu.saitama-u.ac.jp/Portal/Public/Syllabus/DetailMain.aspx?lct_year=2023&lct_cd=MM22011&je_cd=1
基礎化学特別研究,https://risyu.saitama-u.ac.jp/Portal/Public/Syllabus/DetailMain.aspx?lct_year=2023&lct_cd=MM22015&je_cd=1
基礎化学特別研究,https://risyu.saitama-u.ac.jp/Portal/Public/Syllabus/DetailMain.aspx?lct_year=2023&lct_cd=MM22016&je_cd=1
磁気共鳴化学特論,https://risyu.saitama-u.ac.jp/Portal/Public/Syllabus/DetailMain.aspx?lct_year=2023&lct_cd=MM22040&je_cd=1
有機反応化学特論,https://risyu.saitama-u.ac.jp/Portal/Public/Syllabus/DetailMain.aspx?lct_year=2023&lct_cd=MM22050&je_cd=1
有機典型元素化学特論,https://risyu.saitama-u.ac.jp/Portal/Public/Syllabus/DetailMain.aspx?lct_year=2023&lct_cd=MM22070&je_cd=1
天然物化学特論,https://risyu.saitama-u.ac.jp/Portal/Public/Syllabus/DetailMain.aspx?lct_year=2023&lct_cd=MM22080&je_cd=1
無機化学特論,https://risyu.saitama-u.ac.jp/Portal/Public/Syllabus/DetailMain.aspx?lct_year=2023&lct_cd=MM22090&je_cd=1
基礎化学特論Ⅰb,https://risyu.saitama-u.ac.jp/Portal/Public/Syllabus/DetailMain.aspx?lct_year=2023&lct_cd=MM22130&je_cd=1
基礎化学特論Ⅱb,https://risyu.saitama-u.ac.jp/Portal/Public/Syllabus/DetailMain.aspx?lct_year=2023&lct_cd=MM22150&je_cd=1
基礎化学特論Ⅲb,https://risyu.saitama-u.ac.jp/Portal/Public/Syllabus/DetailMain.aspx?lct_year=2023&lct_cd=MM22170&je_cd=1
基礎化学輪講Ⅰa,https://risyu.saitama-u.ac.jp/Portal/Public/Syllabus/DetailMain.aspx?lct_year=2023&lct_cd=MM2218-01&je_cd=1
基礎化学輪講Ⅰa,https://risyu.saitama-u.ac.jp/Portal/Public/Syllabus/DetailMain.aspx?lct_year=2023&lct_cd=MM2218-02&je_cd=1
基礎化学輪講Ⅰa,https://risyu.saitama-u.ac.jp/Portal/Public/Syllabus/DetailMain.aspx?lct_year=2023&lct_cd=MM2218-03&je_cd=1
基礎化学輪講Ⅰa,https://risyu.saitama-u.ac.jp/Portal/Public/Syllabus/DetailMain.aspx?lct_year=2023&lct_cd=MM2218-04&je_cd=1
基礎化学輪講Ⅰa,https://risyu.saitama-u.ac.jp/Portal/Public/Syllabus/DetailMain.aspx?lct_year=2023&lct_cd=MM2218-05&je_cd=1
基礎化学輪講Ⅰa,https://risyu.saitama-u.ac.jp/Portal/Public/Syllabus/DetailMain.aspx?lct_year=2023&lct_cd=MM2218-06&je_cd=1
基礎化学輪講Ⅰa,https://risyu.saitama-u.ac.jp/Portal/Public/Syllabus/DetailMain.aspx?lct_year=2023&lct_cd=MM2218-07&je_cd=1
基礎化学輪講Ⅰa,https://risyu.saitama-u.ac.jp/Portal/Public/Syllabus/DetailMain.aspx?lct_year=2023&lct_cd=MM2218-08&je_cd=1
基礎化学輪講Ⅰa,https://risyu.saitama-u.ac.jp/Portal/Public/Syllabus/DetailMain.aspx?lct_year=2023&lct_cd=MM2218-09&je_cd=1
基礎化学輪講Ⅰa,https://risyu.saitama-u.ac.jp/Portal/Public/Syllabus/DetailMain.aspx?lct_year=2023&lct_cd=MM2218-10&je_cd=1
基礎化学輪講Ⅰa,https://risyu.saitama-u.ac.jp/Portal/Public/Syllabus/DetailMain.aspx?lct_year=2023&lct_cd=MM2218-11&je_cd=1
基礎化学輪講Ⅰa,https://risyu.saitama-u.ac.jp/Portal/Public/Syllabus/DetailMain.aspx?lct_year=2023&lct_cd=MM2218-12&je_cd=1
基礎化学輪講Ⅰa,https://risyu.saitama-u.ac.jp/Portal/Public/Syllabus/DetailMain.aspx?lct_year=2023&lct_cd=MM2218-13&je_cd=1
基礎化学輪講Ⅰa,https://risyu.saitama-u.ac.jp/Portal/Public/Syllabus/DetailMain.aspx?lct_year=2023&lct_cd=MM2218-14&je_cd=1
基礎化学輪講Ⅰb,https://risyu.saitama-u.ac.jp/Portal/Public/Syllabus/DetailMain.aspx?lct_year=2023&lct_cd=MM2219-01&je_cd=1
基礎化学輪講Ⅰb,https://risyu.saitama-u.ac.jp/Portal/Public/Syllabus/DetailMain.aspx?lct_year=2023&lct_cd=MM2219-02&je_cd=1
基礎化学輪講Ⅰb,https://risyu.saitama-u.ac.jp/Portal/Public/Syllabus/DetailMain.aspx?lct_year=2023&lct_cd=MM2219-03&je_cd=1
基礎化学輪講Ⅰb,https://risyu.saitama-u.ac.jp/Portal/Public/Syllabus/DetailMain.aspx?lct_year=2023&lct_cd=MM2219-04&je_cd=1
基礎化学輪講Ⅰb,https://risyu.saitama-u.ac.jp/Portal/Public/Syllabus/DetailMain.aspx?lct_year=2023&lct_cd=MM2219-05&je_cd=1
基礎化学輪講Ⅰb,https://risyu.saitama-u.ac.jp/Portal/Public/Syllabus/DetailMain.aspx?lct_year=2023&lct_cd=MM2219-06&je_cd=1
基礎化学輪講Ⅰb,https://risyu.saitama-u.ac.jp/Portal/Public/Syllabus/DetailMain.aspx?lct_year=2023&lct_cd=MM2219-07&je_cd=1
基礎化学輪講Ⅰb,https://risyu.saitama-u.ac.jp/Portal/Public/Syllabus/DetailMain.aspx?lct_year=2023&lct_cd=MM2219-08&je_cd=1
基礎化学輪講Ⅰb,https://risyu.saitama-u.ac.jp/Portal/Public/Syllabus/DetailMain.aspx?lct_year=2023&lct_cd=MM2219-09&je_cd=1
基礎化学輪講Ⅰb,https://risyu.saitama-u.ac.jp/Portal/Public/Syllabus/DetailMain.aspx?lct_year=2023&lct_cd=MM2219-10&je_cd=1
基礎化学輪講Ⅰb,https://risyu.saitama-u.ac.jp/Portal/Public/Syllabus/DetailMain.aspx?lct_year=2023&lct_cd=MM2219-11&je_cd=1
基礎化学輪講Ⅰb,https://risyu.saitama-u.ac.jp/Portal/Public/Syllabus/DetailMain.aspx?lct_year=2023&lct_cd=MM2219-12&je_cd=1
基礎化学輪講Ⅰb,https://risyu.saitama-u.ac.jp/Portal/Public/Syllabus/DetailMain.aspx?lct_year=2023&lct_cd=MM2219-13&je_cd=1
基礎化学輪講Ⅰb,https://risyu.saitama-u.ac.jp/Portal/Public/Syllabus/DetailMain.aspx?lct_year=2023&lct_cd=MM2219-14&je_cd=1
応用化学特別研究,https://risyu.saitama-u.ac.jp/Portal/Public/Syllabus/DetailMain.aspx?lct_year=2023&lct_cd=MM23010&je_cd=1
応用化学特別研究,https://risyu.saitama-u.ac.jp/Portal/Public/Syllabus/DetailMain.aspx?lct_year=2023&lct_cd=MM23011&je_cd=1
応用化学特別研究,https://risyu.saitama-u.ac.jp/Portal/Public/Syllabus/DetailMain.aspx?lct_year=2023&lct_cd=MM23015&je_cd=1
応用化学特別研究,https://risyu.saitama-u.ac.jp/Portal/Public/Syllabus/DetailMain.aspx?lct_year=2023&lct_cd=MM23016&je_cd=1
触媒工業化学特論Ⅰ,https://risyu.saitama-u.ac.jp/Portal/Public/Syllabus/DetailMain.aspx?lct_year=2023&lct_cd=MM23020&je_cd=1
無機固体化学特論,https://risyu.saitama-u.ac.jp/Portal/Public/Syllabus/DetailMain.aspx?lct_year=2023&lct_cd=MM23050&je_cd=1
化学工学特論,https://risyu.saitama-u.ac.jp/Portal/Public/Syllabus/DetailMain.aspx?lct_year=2023&lct_cd=MM23060&je_cd=1
高分子工業化学特論,https://risyu.saitama-u.ac.jp/Portal/Public/Syllabus/DetailMain.aspx?lct_year=2023&lct_cd=MM23070&je_cd=1
分析化学特論Ⅱ,https://risyu.saitama-u.ac.jp/Portal/Public/Syllabus/DetailMain.aspx?lct_year=2023&lct_cd=MM23085&je_cd=1
線形レーザー分光学特論,https://risyu.saitama-u.ac.jp/Portal/Public/Syllabus/DetailMain.aspx?lct_year=2023&lct_cd=MM23090&je_cd=1
有機材料化学特論,https://risyu.saitama-u.ac.jp/Portal/Public/Syllabus/DetailMain.aspx?lct_year=2023&lct_cd=MM23120&je_cd=1
有機元素化学特論,https://risyu.saitama-u.ac.jp/Portal/Public/Syllabus/DetailMain.aspx?lct_year=2023&lct_cd=MM23130&je_cd=1
有機合成化学特論Ⅱ,https://risyu.saitama-u.ac.jp/Portal/Public/Syllabus/DetailMain.aspx?lct_year=2023&lct_cd=MM23150&je_cd=1
有機合成反応特論,https://risyu.saitama-u.ac.jp/Portal/Public/Syllabus/DetailMain.aspx?lct_year=2023&lct_cd=MM23160&je_cd=1
分子構造解析特論,https://risyu.saitama-u.ac.jp/Portal/Public/Syllabus/DetailMain.aspx?lct_year=2023&lct_cd=MM23170&je_cd=1
生物物理化学特論,https://risyu.saitama-u.ac.jp/Portal/Public/Syllabus/DetailMain.aspx?lct_year=2023&lct_cd=MM23180&je_cd=1
生体分子工学特論,https://risyu.saitama-u.ac.jp/Portal/Public/Syllabus/DetailMain.aspx?lct_year=2023&lct_cd=MM23190&je_cd=1
界面組織体化学特論,https://risyu.saitama-u.ac.jp/Portal/Public/Syllabus/DetailMain.aspx?lct_year=2023&lct_cd=MM23200&je_cd=1
超分子化学特論,https://risyu.saitama-u.ac.jp/Portal/Public/Syllabus/DetailMain.aspx?lct_year=2023&lct_cd=MM23210&je_cd=1
環境化学技術特論,https://risyu.saitama-u.ac.jp/Portal/Public/Syllabus/DetailMain.aspx?lct_year=2023&lct_cd=MM23230&je_cd=1
応用化学特論Ⅰ,https://risyu.saitama-u.ac.jp/Portal/Public/Syllabus/DetailMain.aspx?lct_year=2023&lct_cd=MM23240&je_cd=1
応用化学特論Ⅱ,https://risyu.saitama-u.ac.jp/Portal/Public/Syllabus/DetailMain.aspx?lct_year=2023&lct_cd=MM23250&je_cd=1
応用化学特論Ⅲ,https://risyu.saitama-u.ac.jp/Portal/Public/Syllabus/DetailMain.aspx?lct_year=2023&lct_cd=MM23260&je_cd=1
応用化学輪講Ⅰ,https://risyu.saitama-u.ac.jp/Portal/Public/Syllabus/DetailMain.aspx?lct_year=2023&lct_cd=MM2327-01&je_cd=1
応用化学輪講Ⅰ,https://risyu.saitama-u.ac.jp/Portal/Public/Syllabus/DetailMain.aspx?lct_year=2023&lct_cd=MM2327-02&je_cd=1
応用化学輪講Ⅰ,https://risyu.saitama-u.ac.jp/Portal/Public/Syllabus/DetailMain.aspx?lct_year=2023&lct_cd=MM2327-03&je_cd=1
応用化学輪講Ⅰ,https://risyu.saitama-u.ac.jp/Portal/Public/Syllabus/DetailMain.aspx?lct_year=2023&lct_cd=MM2327-04&je_cd=1
応用化学輪講Ⅰ,https://risyu.saitama-u.ac.jp/Portal/Public/Syllabus/DetailMain.aspx?lct_year=2023&lct_cd=MM2327-05&je_cd=1
応用化学輪講Ⅰ,https://risyu.saitama-u.ac.jp/Portal/Public/Syllabus/DetailMain.aspx?lct_year=2023&lct_cd=MM2327-06&je_cd=1
応用化学輪講Ⅰ,https://risyu.saitama-u.ac.jp/Portal/Public/Syllabus/DetailMain.aspx?lct_year=2023&lct_cd=MM2327-07&je_cd=1
応用化学輪講Ⅰ,https://risyu.saitama-u.ac.jp/Portal/Public/Syllabus/DetailMain.aspx?lct_year=2023&lct_cd=MM2327-07&je_cd=2
応用化学輪講Ⅰ,https://risyu.saitama-u.ac.jp/Portal/Public/Syllabus/DetailMain.aspx?lct_year=2023&lct_cd=MM2327-08&je_cd=1
応用化学輪講Ⅰ,https://risyu.saitama-u.ac.jp/Portal/Public/Syllabus/DetailMain.aspx?lct_year=2023&lct_cd=MM2327-09&je_cd=1
応用化学輪講Ⅰ,https://risyu.saitama-u.ac.jp/Portal/Public/Syllabus/DetailMain.aspx?lct_year=2023&lct_cd=MM2327-10&je_cd=1
応用化学輪講Ⅰ,https://risyu.saitama-u.ac.jp/Portal/Public/Syllabus/DetailMain.aspx?lct_year=2023&lct_cd=MM2327-11&je_cd=1
応用化学輪講Ⅰ,https://risyu.saitama-u.ac.jp/Portal/Public/Syllabus/DetailMain.aspx?lct_year=2023&lct_cd=MM2327-12&je_cd=1
応用化学輪講Ⅰ,https://risyu.saitama-u.ac.jp/Portal/Public/Syllabus/DetailMain.aspx?lct_year=2023&lct_cd=MM2327-13&je_cd=1
応用化学輪講Ⅰ,https://risyu.saitama-u.ac.jp/Portal/Public/Syllabus/DetailMain.aspx?lct_year=2023&lct_cd=MM2327-14&je_cd=1
応用化学輪講Ⅰ,https://risyu.saitama-u.ac.jp/Portal/Public/Syllabus/DetailMain.aspx?lct_year=2023&lct_cd=MM2327-15&je_cd=1
応用化学輪講Ⅰ,https://risyu.saitama-u.ac.jp/Portal/Public/Syllabus/DetailMain.aspx?lct_year=2023&lct_cd=MM2327-16&je_cd=1
応用化学輪講Ⅰ,https://risyu.saitama-u.ac.jp/Portal/Public/Syllabus/DetailMain.aspx?lct_year=2023&lct_cd=MM2327-17&je_cd=1
応用化学輪講Ⅰ,https://risyu.saitama-u.ac.jp/Portal/Public/Syllabus/DetailMain.aspx?lct_year=2023&lct_cd=MM2327-18&je_cd=1
応用化学輪講Ⅰ,https://risyu.saitama-u.ac.jp/Portal/Public/Syllabus/DetailMain.aspx?lct_year=2023&lct_cd=MM2327-19&je_cd=1
応用化学輪講Ⅰ,https://risyu.saitama-u.ac.jp/Portal/Public/Syllabus/DetailMain.aspx?lct_year=2023&lct_cd=MM2327-20&je_cd=1
応用化学輪講Ⅰ,https://risyu.saitama-u.ac.jp/Portal/Public/Syllabus/DetailMain.aspx?lct_year=2023&lct_cd=MM2327-21&je_cd=1
応用化学輪講Ⅰ,https://risyu.saitama-u.ac.jp/Portal/Public/Syllabus/DetailMain.aspx?lct_year=2023&lct_cd=MM2327-22&je_cd=1
応用化学輪講Ⅰ,https://risyu.saitama-u.ac.jp/Portal/Public/Syllabus/DetailMain.aspx?lct_year=2023&lct_cd=MM23275&je_cd=1
応用化学輪講Ⅱ,https://risyu.saitama-u.ac.jp/Portal/Public/Syllabus/DetailMain.aspx?lct_year=2023&lct_cd=MM2328-01&je_cd=1
応用化学輪講Ⅱ,https://risyu.saitama-u.ac.jp/Portal/Public/Syllabus/DetailMain.aspx?lct_year=2023&lct_cd=MM2328-02&je_cd=1
応用化学輪講Ⅱ,https://risyu.saitama-u.ac.jp/Portal/Public/Syllabus/DetailMain.aspx?lct_year=2023&lct_cd=MM2328-03&je_cd=1
応用化学輪講Ⅱ,https://risyu.saitama-u.ac.jp/Portal/Public/Syllabus/DetailMain.aspx?lct_year=2023&lct_cd=MM2328-04&je_cd=1
応用化学輪講Ⅱ,https://risyu.saitama-u.ac.jp/Portal/Public/Syllabus/DetailMain.aspx?lct_year=2023&lct_cd=MM2328-05&je_cd=1
応用化学輪講Ⅱ,https://risyu.saitama-u.ac.jp/Portal/Public/Syllabus/DetailMain.aspx?lct_year=2023&lct_cd=MM2328-06&je_cd=1
応用化学輪講Ⅱ,https://risyu.saitama-u.ac.jp/Portal/Public/Syllabus/DetailMain.aspx?lct_year=2023&lct_cd=MM2328-07&je_cd=1
応用化学輪講Ⅱ,https://risyu.saitama-u.ac.jp/Portal/Public/Syllabus/DetailMain.aspx?lct_year=2023&lct_cd=MM2328-07&je_cd=2
応用化学輪講Ⅱ,https://risyu.saitama-u.ac.jp/Portal/Public/Syllabus/DetailMain.aspx?lct_year=2023&lct_cd=MM2328-08&je_cd=1
応用化学輪講Ⅱ,https://risyu.saitama-u.ac.jp/Portal/Public/Syllabus/DetailMain.aspx?lct_year=2023&lct_cd=MM2328-09&je_cd=1
応用化学輪講Ⅱ,https://risyu.saitama-u.ac.jp/Portal/Public/Syllabus/DetailMain.aspx?lct_year=2023&lct_cd=MM2328-10&je_cd=1
応用化学輪講Ⅱ,https://risyu.saitama-u.ac.jp/Portal/Public/Syllabus/DetailMain.aspx?lct_year=2023&lct_cd=MM2328-11&je_cd=1
応用化学輪講Ⅱ,https://risyu.saitama-u.ac.jp/Portal/Public/Syllabus/DetailMain.aspx?lct_year=2023&lct_cd=MM2328-12&je_cd=1
応用化学輪講Ⅱ,https://risyu.saitama-u.ac.jp/Portal/Public/Syllabus/DetailMain.aspx?lct_year=2023&lct_cd=MM2328-13&je_cd=1
応用化学輪講Ⅱ,https://risyu.saitama-u.ac.jp/Portal/Public/Syllabus/DetailMain.aspx?lct_year=2023&lct_cd=MM2328-14&je_cd=1
応用化学輪講Ⅱ,https://risyu.saitama-u.ac.jp/Portal/Public/Syllabus/DetailMain.aspx?lct_year=2023&lct_cd=MM2328-15&je_cd=1
応用化学輪講Ⅱ,https://risyu.saitama-u.ac.jp/Portal/Public/Syllabus/DetailMain.aspx?lct_year=2023&lct_cd=MM2328-16&je_cd=1
応用化学輪講Ⅱ,https://risyu.saitama-u.ac.jp/Portal/Public/Syllabus/DetailMain.aspx?lct_year=2023&lct_cd=MM2328-17&je_cd=1
応用化学輪講Ⅱ,https://risyu.saitama-u.ac.jp/Portal/Public/Syllabus/DetailMain.aspx?lct_year=2023&lct_cd=MM2328-18&je_cd=1
応用化学輪講Ⅱ,https://risyu.saitama-u.ac.jp/Portal/Public/Syllabus/DetailMain.aspx?lct_year=2023&lct_cd=MM2328-19&je_cd=1
応用化学輪講Ⅱ,https://risyu.saitama-u.ac.jp/Portal/Public/Syllabus/DetailMain.aspx?lct_year=2023&lct_cd=MM2328-20&je_cd=1
応用化学輪講Ⅱ,https://risyu.saitama-u.ac.jp/Portal/Public/Syllabus/DetailMain.aspx?lct_year=2023&lct_cd=MM2328-21&je_cd=1
応用化学輪講Ⅱ,https://risyu.saitama-u.ac.jp/Portal/Public/Syllabus/DetailMain.aspx?lct_year=2023&lct_cd=MM2328-22&je_cd=1
応用化学輪講Ⅱ,https://risyu.saitama-u.ac.jp/Portal/Public/Syllabus/DetailMain.aspx?lct_year=2023&lct_cd=MM23285&je_cd=1
数理電子情報特論Ⅱ,https://risyu.saitama-u.ac.jp/Portal/Public/Syllabus/DetailMain.aspx?lct_year=2023&lct_cd=MM30020&je_cd=1
インターンシップ,https://risyu.saitama-u.ac.jp/Portal/Public/Syllabus/DetailMain.aspx?lct_year=2023&lct_cd=MM30030&je_cd=1
インターンシップ,https://risyu.saitama-u.ac.jp/Portal/Public/Syllabus/DetailMain.aspx?lct_year=2023&lct_cd=MM3003-1&je_cd=1
インターンシップ,https://risyu.saitama-u.ac.jp/Portal/Public/Syllabus/DetailMain.aspx?lct_year=2023&lct_cd=MM3003-2&je_cd=1
数学特別研究1,https://risyu.saitama-u.ac.jp/Portal/Public/Syllabus/DetailMain.aspx?lct_year=2023&lct_cd=MM31010&je_cd=1
数学特別研究1,https://risyu.saitama-u.ac.jp/Portal/Public/Syllabus/DetailMain.aspx?lct_year=2023&lct_cd=MM31015&je_cd=1
数学特別研究2,https://risyu.saitama-u.ac.jp/Portal/Public/Syllabus/DetailMain.aspx?lct_year=2023&lct_cd=MM31020&je_cd=1
数学特別研究2,https://risyu.saitama-u.ac.jp/Portal/Public/Syllabus/DetailMain.aspx?lct_year=2023&lct_cd=MM31025&je_cd=1
解析学特論Ⅰ,https://risyu.saitama-u.ac.jp/Portal/Public/Syllabus/DetailMain.aspx?lct_year=2023&lct_cd=MM31030&je_cd=1
解析学特論Ⅱ,https://risyu.saitama-u.ac.jp/Portal/Public/Syllabus/DetailMain.aspx?lct_year=2023&lct_cd=MM31040&je_cd=1
解析学特論Ⅲ,https://risyu.saitama-u.ac.jp/Portal/Public/Syllabus/DetailMain.aspx?lct_year=2023&lct_cd=MM31050&je_cd=1
解析学特論Ⅴ,https://risyu.saitama-u.ac.jp/Portal/Public/Syllabus/DetailMain.aspx?lct_year=2023&lct_cd=MM31070&je_cd=1
解析学特論Ⅵ,https://risyu.saitama-u.ac.jp/Portal/Public/Syllabus/DetailMain.aspx?lct_year=2023&lct_cd=MM31080&je_cd=1
解析学特論Ⅶ,https://risyu.saitama-u.ac.jp/Portal/Public/Syllabus/DetailMain.aspx?lct_year=2023&lct_cd=MM31090&je_cd=1
幾何学特論Ⅰ,https://risyu.saitama-u.ac.jp/Portal/Public/Syllabus/DetailMain.aspx?lct_year=2023&lct_cd=MM31100&je_cd=1
幾何学特論Ⅱ,https://risyu.saitama-u.ac.jp/Portal/Public/Syllabus/DetailMain.aspx?lct_year=2023&lct_cd=MM31110&je_cd=1
幾何学特論Ⅲ,https://risyu.saitama-u.ac.jp/Portal/Public/Syllabus/DetailMain.aspx?lct_year=2023&lct_cd=MM31120&je_cd=1
幾何学特論Ⅳ,https://risyu.saitama-u.ac.jp/Portal/Public/Syllabus/DetailMain.aspx?lct_year=2023&lct_cd=MM31130&je_cd=1
幾何学特論Ⅴ,https://risyu.saitama-u.ac.jp/Portal/Public/Syllabus/DetailMain.aspx?lct_year=2023&lct_cd=MM31140&je_cd=1
幾何学特論Ⅵ,https://risyu.saitama-u.ac.jp/Portal/Public/Syllabus/DetailMain.aspx?lct_year=2023&lct_cd=MM31150&je_cd=1
代数学特論Ⅰ,https://risyu.saitama-u.ac.jp/Portal/Public/Syllabus/DetailMain.aspx?lct_year=2023&lct_cd=MM31160&je_cd=1
代数学特論Ⅱ,https://risyu.saitama-u.ac.jp/Portal/Public/Syllabus/DetailMain.aspx?lct_year=2023&lct_cd=MM31170&je_cd=1
代数学特論Ⅲ,https://risyu.saitama-u.ac.jp/Portal/Public/Syllabus/DetailMain.aspx?lct_year=2023&lct_cd=MM31180&je_cd=1
代数学特論Ⅴ,https://risyu.saitama-u.ac.jp/Portal/Public/Syllabus/DetailMain.aspx?lct_year=2023&lct_cd=MM31200&je_cd=1
代数学特論Ⅵ,https://risyu.saitama-u.ac.jp/Portal/Public/Syllabus/DetailMain.aspx?lct_year=2023&lct_cd=MM31210&je_cd=1
数学特論Ⅰ,https://risyu.saitama-u.ac.jp/Portal/Public/Syllabus/DetailMain.aspx?lct_year=2023&lct_cd=MM31220&je_cd=1
数学特論Ⅵ,https://risyu.saitama-u.ac.jp/Portal/Public/Syllabus/DetailMain.aspx?lct_year=2023&lct_cd=MM31270&je_cd=1
数学特論Ⅷ,https://risyu.saitama-u.ac.jp/Portal/Public/Syllabus/DetailMain.aspx?lct_year=2023&lct_cd=MM31290&je_cd=1
数学特論Ⅺ,https://risyu.saitama-u.ac.jp/Portal/Public/Syllabus/DetailMain.aspx?lct_year=2023&lct_cd=MM31320&je_cd=1
数学特論ⅩⅢ,https://risyu.saitama-u.ac.jp/Portal/Public/Syllabus/DetailMain.aspx?lct_year=2023&lct_cd=MM31340&je_cd=1
数学輪講Ⅰ,https://risyu.saitama-u.ac.jp/Portal/Public/Syllabus/DetailMain.aspx?lct_year=2023&lct_cd=MM31350&je_cd=1
数学輪講Ⅱ,https://risyu.saitama-u.ac.jp/Portal/Public/Syllabus/DetailMain.aspx?lct_year=2023&lct_cd=MM31360&je_cd=1
数学輪講Ⅲ,https://risyu.saitama-u.ac.jp/Portal/Public/Syllabus/DetailMain.aspx?lct_year=2023&lct_cd=MM31370&je_cd=1
数学輪講Ⅴ,https://risyu.saitama-u.ac.jp/Portal/Public/Syllabus/DetailMain.aspx?lct_year=2023&lct_cd=MM31380&je_cd=1
数学輪講Ⅵ,https://risyu.saitama-u.ac.jp/Portal/Public/Syllabus/DetailMain.aspx?lct_year=2023&lct_cd=MM31390&je_cd=1
数学輪講Ⅶ,https://risyu.saitama-u.ac.jp/Portal/Public/Syllabus/DetailMain.aspx?lct_year=2023&lct_cd=MM31400&je_cd=1
数学輪講Ⅷ,https://risyu.saitama-u.ac.jp/Portal/Public/Syllabus/DetailMain.aspx?lct_year=2023&lct_cd=MM31410&je_cd=1
数学輪講Ⅸ,https://risyu.saitama-u.ac.jp/Portal/Public/Syllabus/DetailMain.aspx?lct_year=2023&lct_cd=MM31420&je_cd=1
数学輪講Ⅹ,https://risyu.saitama-u.ac.jp/Portal/Public/Syllabus/DetailMain.aspx?lct_year=2023&lct_cd=MM31430&je_cd=1
数学輪講Ⅺ,https://risyu.saitama-u.ac.jp/Portal/Public/Syllabus/DetailMain.aspx?lct_year=2023&lct_cd=MM31440&je_cd=1
数学輪講Ⅻ,https://risyu.saitama-u.ac.jp/Portal/Public/Syllabus/DetailMain.aspx?lct_year=2023&lct_cd=MM31450&je_cd=1
数学輪講ⅩⅢ,https://risyu.saitama-u.ac.jp/Portal/Public/Syllabus/DetailMain.aspx?lct_year=2023&lct_cd=MM31460&je_cd=1
数学輪講ⅩⅣ,https://risyu.saitama-u.ac.jp/Portal/Public/Syllabus/DetailMain.aspx?lct_year=2023&lct_cd=MM31470&je_cd=1
電気電子物理工学特別研究Ⅰ,https://risyu.saitama-u.ac.jp/Portal/Public/Syllabus/DetailMain.aspx?lct_year=2023&lct_cd=MM32010&je_cd=1
電気電子物理工学特別研究Ⅰ,https://risyu.saitama-u.ac.jp/Portal/Public/Syllabus/DetailMain.aspx?lct_year=2023&lct_cd=MM32015&je_cd=1
電気電子物理工学特別研究Ⅱ,https://risyu.saitama-u.ac.jp/Portal/Public/Syllabus/DetailMain.aspx?lct_year=2023&lct_cd=MM32020&je_cd=1
電気電子物理工学特別研究Ⅱ,https://risyu.saitama-u.ac.jp/Portal/Public/Syllabus/DetailMain.aspx?lct_year=2023&lct_cd=MM32025&je_cd=1
エネルギー制御特論,https://risyu.saitama-u.ac.jp/Portal/Public/Syllabus/DetailMain.aspx?lct_year=2023&lct_cd=MM32030&je_cd=1
電力工学特論,https://risyu.saitama-u.ac.jp/Portal/Public/Syllabus/DetailMain.aspx?lct_year=2023&lct_cd=MM32040&je_cd=1
電機制御特論,https://risyu.saitama-u.ac.jp/Portal/Public/Syllabus/DetailMain.aspx?lct_year=2023&lct_cd=MM32050&je_cd=1
人間支援システム特論,https://risyu.saitama-u.ac.jp/Portal/Public/Syllabus/DetailMain.aspx?lct_year=2023&lct_cd=MM32060&je_cd=1
マイクロ波回路特論,https://risyu.saitama-u.ac.jp/Portal/Public/Syllabus/DetailMain.aspx?lct_year=2023&lct_cd=MM32070&je_cd=1
電磁波工学特論,https://risyu.saitama-u.ac.jp/Portal/Public/Syllabus/DetailMain.aspx?lct_year=2023&lct_cd=MM32080&je_cd=1
電磁界解析特論,https://risyu.saitama-u.ac.jp/Portal/Public/Syllabus/DetailMain.aspx?lct_year=2023&lct_cd=MM32090&je_cd=1
ディジタルシステム特論,https://risyu.saitama-u.ac.jp/Portal/Public/Syllabus/DetailMain.aspx?lct_year=2023&lct_cd=MM32100&je_cd=1
光波センシング特論,https://risyu.saitama-u.ac.jp/Portal/Public/Syllabus/DetailMain.aspx?lct_year=2023&lct_cd=MM32110&je_cd=1
電子応用計測特論,https://risyu.saitama-u.ac.jp/Portal/Public/Syllabus/DetailMain.aspx?lct_year=2023&lct_cd=MM32120&je_cd=1
スマートセンシング特論,https://risyu.saitama-u.ac.jp/Portal/Public/Syllabus/DetailMain.aspx?lct_year=2023&lct_cd=MM32130&je_cd=1
先端計算機工学特論,https://risyu.saitama-u.ac.jp/Portal/Public/Syllabus/DetailMain.aspx?lct_year=2023&lct_cd=MM32140&je_cd=1
超伝導集積回路工学特論,https://risyu.saitama-u.ac.jp/Portal/Public/Syllabus/DetailMain.aspx?lct_year=2023&lct_cd=MM32150&je_cd=1
光エレクトロニクス物性特論,https://risyu.saitama-u.ac.jp/Portal/Public/Syllabus/DetailMain.aspx?lct_year=2023&lct_cd=MM32160&je_cd=1
先端エレクトロニクス材料特論,https://risyu.saitama-u.ac.jp/Portal/Public/Syllabus/DetailMain.aspx?lct_year=2023&lct_cd=MM32170&je_cd=1
先端エレクトロニクス材料特論,https://risyu.saitama-u.ac.jp/Portal/Public/Syllabus/DetailMain.aspx?lct_year=2023&lct_cd=MM32170&je_cd=2
半導体工学特論,https://risyu.saitama-u.ac.jp/Portal/Public/Syllabus/DetailMain.aspx?lct_year=2023&lct_cd=MM32180&je_cd=1
量子化材料物性工学特論,https://risyu.saitama-u.ac.jp/Portal/Public/Syllabus/DetailMain.aspx?lct_year=2023&lct_cd=MM32190&je_cd=1
薄膜表面工学特論,https://risyu.saitama-u.ac.jp/Portal/Public/Syllabus/DetailMain.aspx?lct_year=2023&lct_cd=MM32200&je_cd=1
情報記録材料工学特論,https://risyu.saitama-u.ac.jp/Portal/Public/Syllabus/DetailMain.aspx?lct_year=2023&lct_cd=MM32210&je_cd=1
機能磁性学特論,https://risyu.saitama-u.ac.jp/Portal/Public/Syllabus/DetailMain.aspx?lct_year=2023&lct_cd=MM32220&je_cd=1
ハイブリッド磁気工学特論,https://risyu.saitama-u.ac.jp/Portal/Public/Syllabus/DetailMain.aspx?lct_year=2023&lct_cd=MM32230&je_cd=1
マテリアルリサーチストラテジー特論,https://risyu.saitama-u.ac.jp/Portal/Public/Syllabus/DetailMain.aspx?lct_year=2023&lct_cd=MM32240&je_cd=1
環境応用光学特論,https://risyu.saitama-u.ac.jp/Portal/Public/Syllabus/DetailMain.aspx?lct_year=2023&lct_cd=MM32250&je_cd=1
システム制御特論,https://risyu.saitama-u.ac.jp/Portal/Public/Syllabus/DetailMain.aspx?lct_year=2023&lct_cd=MM32260&je_cd=1
エネルギー変換材料特論,https://risyu.saitama-u.ac.jp/Portal/Public/Syllabus/DetailMain.aspx?lct_year=2023&lct_cd=MM32270&je_cd=1
エネルギー変換材料特論,https://risyu.saitama-u.ac.jp/Portal/Public/Syllabus/DetailMain.aspx?lct_year=2023&lct_cd=MM32270&je_cd=2
量子光デバイス工学特論,https://risyu.saitama-u.ac.jp/Portal/Public/Syllabus/DetailMain.aspx?lct_year=2023&lct_cd=MM32280&je_cd=1
有機半導体工学特論,https://risyu.saitama-u.ac.jp/Portal/Public/Syllabus/DetailMain.aspx?lct_year=2023&lct_cd=MM32290&je_cd=1
新材料の製品化プロセス特論,https://risyu.saitama-u.ac.jp/Portal/Public/Syllabus/DetailMain.aspx?lct_year=2023&lct_cd=MM32300&je_cd=1
水素変換材料工学特論,https://risyu.saitama-u.ac.jp/Portal/Public/Syllabus/DetailMain.aspx?lct_year=2023&lct_cd=MM32310&je_cd=1
電気電子物理工学輪講Ⅰ,https://risyu.saitama-u.ac.jp/Portal/Public/Syllabus/DetailMain.aspx?lct_year=2023&lct_cd=MM3232-01&je_cd=1
電気電子物理工学輪講Ⅰ,https://risyu.saitama-u.ac.jp/Portal/Public/Syllabus/DetailMain.aspx?lct_year=2023&lct_cd=MM3232-02&je_cd=1
電気電子物理工学輪講Ⅰ,https://risyu.saitama-u.ac.jp/Portal/Public/Syllabus/DetailMain.aspx?lct_year=2023&lct_cd=MM3232-03&je_cd=1
電気電子物理工学輪講Ⅰ,https://risyu.saitama-u.ac.jp/Portal/Public/Syllabus/DetailMain.aspx?lct_year=2023&lct_cd=MM3232-04&je_cd=1
電気電子物理工学輪講Ⅰ,https://risyu.saitama-u.ac.jp/Portal/Public/Syllabus/DetailMain.aspx?lct_year=2023&lct_cd=MM3232-05&je_cd=1
電気電子物理工学輪講Ⅰ,https://risyu.saitama-u.ac.jp/Portal/Public/Syllabus/DetailMain.aspx?lct_year=2023&lct_cd=MM3232-06&je_cd=1
電気電子物理工学輪講Ⅰ,https://risyu.saitama-u.ac.jp/Portal/Public/Syllabus/DetailMain.aspx?lct_year=2023&lct_cd=MM3232-07&je_cd=1
電気電子物理工学輪講Ⅰ,https://risyu.saitama-u.ac.jp/Portal/Public/Syllabus/DetailMain.aspx?lct_year=2023&lct_cd=MM3232-08&je_cd=1
電気電子物理工学輪講Ⅰ,https://risyu.saitama-u.ac.jp/Portal/Public/Syllabus/DetailMain.aspx?lct_year=2023&lct_cd=MM3232-09&je_cd=1
電気電子物理工学輪講Ⅰ,https://risyu.saitama-u.ac.jp/Portal/Public/Syllabus/DetailMain.aspx?lct_year=2023&lct_cd=MM3232-10&je_cd=1
電気電子物理工学輪講Ⅰ,https://risyu.saitama-u.ac.jp/Portal/Public/Syllabus/DetailMain.aspx?lct_year=2023&lct_cd=MM3232-11&je_cd=1
電気電子物理工学輪講Ⅰ,https://risyu.saitama-u.ac.jp/Portal/Public/Syllabus/DetailMain.aspx?lct_year=2023&lct_cd=MM3232-12&je_cd=1
電気電子物理工学輪講Ⅰ,https://risyu.saitama-u.ac.jp/Portal/Public/Syllabus/DetailMain.aspx?lct_year=2023&lct_cd=MM3232-13&je_cd=1
電気電子物理工学輪講Ⅰ,https://risyu.saitama-u.ac.jp/Portal/Public/Syllabus/DetailMain.aspx?lct_year=2023&lct_cd=MM3232-14&je_cd=1
電気電子物理工学輪講Ⅰ,https://risyu.saitama-u.ac.jp/Portal/Public/Syllabus/DetailMain.aspx?lct_year=2023&lct_cd=MM3232-15&je_cd=1
電気電子物理工学輪講Ⅰ,https://risyu.saitama-u.ac.jp/Portal/Public/Syllabus/DetailMain.aspx?lct_year=2023&lct_cd=MM3232-16&je_cd=1
電気電子物理工学輪講Ⅰ,https://risyu.saitama-u.ac.jp/Portal/Public/Syllabus/DetailMain.aspx?lct_year=2023&lct_cd=MM3232-17&je_cd=1
電気電子物理工学輪講Ⅰ,https://risyu.saitama-u.ac.jp/Portal/Public/Syllabus/DetailMain.aspx?lct_year=2023&lct_cd=MM3232-18&je_cd=1
電気電子物理工学輪講Ⅰ,https://risyu.saitama-u.ac.jp/Portal/Public/Syllabus/DetailMain.aspx?lct_year=2023&lct_cd=MM3232-19&je_cd=1
電気電子物理工学輪講Ⅰ,https://risyu.saitama-u.ac.jp/Portal/Public/Syllabus/DetailMain.aspx?lct_year=2023&lct_cd=MM3232-20&je_cd=1
電気電子物理工学輪講Ⅰ,https://risyu.saitama-u.ac.jp/Portal/Public/Syllabus/DetailMain.aspx?lct_year=2023&lct_cd=MM3232-20&je_cd=2
電気電子物理工学輪講Ⅰ,https://risyu.saitama-u.ac.jp/Portal/Public/Syllabus/DetailMain.aspx?lct_year=2023&lct_cd=MM3232-21&je_cd=1
電気電子物理工学輪講Ⅰ,https://risyu.saitama-u.ac.jp/Portal/Public/Syllabus/DetailMain.aspx?lct_year=2023&lct_cd=MM3232-22&je_cd=1
電気電子物理工学輪講Ⅰ,https://risyu.saitama-u.ac.jp/Portal/Public/Syllabus/DetailMain.aspx?lct_year=2023&lct_cd=MM3232-23&je_cd=1
電気電子物理工学輪講Ⅰ,https://risyu.saitama-u.ac.jp/Portal/Public/Syllabus/DetailMain.aspx?lct_year=2023&lct_cd=MM3232-24&je_cd=1
電気電子物理工学輪講Ⅰ,https://risyu.saitama-u.ac.jp/Portal/Public/Syllabus/DetailMain.aspx?lct_year=2023&lct_cd=MM3232-25&je_cd=1
電気電子物理工学輪講Ⅰ,https://risyu.saitama-u.ac.jp/Portal/Public/Syllabus/DetailMain.aspx?lct_year=2023&lct_cd=MM3232-26&je_cd=1
電気電子物理工学輪講Ⅰ,https://risyu.saitama-u.ac.jp/Portal/Public/Syllabus/DetailMain.aspx?lct_year=2023&lct_cd=MM3232-27&je_cd=1
電気電子物理工学輪講Ⅰ,https://risyu.saitama-u.ac.jp/Portal/Public/Syllabus/DetailMain.aspx?lct_year=2023&lct_cd=MM3232-28&je_cd=1
電気電子物理工学輪講Ⅰ,https://risyu.saitama-u.ac.jp/Portal/Public/Syllabus/DetailMain.aspx?lct_year=2023&lct_cd=MM3232-29&je_cd=1
電気電子物理工学輪講Ⅰ,https://risyu.saitama-u.ac.jp/Portal/Public/Syllabus/DetailMain.aspx?lct_year=2023&lct_cd=MM3232-31&je_cd=1
電気電子物理工学輪講Ⅰ,https://risyu.saitama-u.ac.jp/Portal/Public/Syllabus/DetailMain.aspx?lct_year=2023&lct_cd=MM3232-32&je_cd=1
電気電子物理工学輪講Ⅱ,https://risyu.saitama-u.ac.jp/Portal/Public/Syllabus/DetailMain.aspx?lct_year=2023&lct_cd=MM3233-01&je_cd=1
電気電子物理工学輪講Ⅱ,https://risyu.saitama-u.ac.jp/Portal/Public/Syllabus/DetailMain.aspx?lct_year=2023&lct_cd=MM3233-02&je_cd=1
電気電子物理工学輪講Ⅱ,https://risyu.saitama-u.ac.jp/Portal/Public/Syllabus/DetailMain.aspx?lct_year=2023&lct_cd=MM3233-03&je_cd=1
電気電子物理工学輪講Ⅱ,https://risyu.saitama-u.ac.jp/Portal/Public/Syllabus/DetailMain.aspx?lct_year=2023&lct_cd=MM3233-04&je_cd=1
電気電子物理工学輪講Ⅱ,https://risyu.saitama-u.ac.jp/Portal/Public/Syllabus/DetailMain.aspx?lct_year=2023&lct_cd=MM3233-05&je_cd=1
電気電子物理工学輪講Ⅱ,https://risyu.saitama-u.ac.jp/Portal/Public/Syllabus/DetailMain.aspx?lct_year=2023&lct_cd=MM3233-06&je_cd=1
電気電子物理工学輪講Ⅱ,https://risyu.saitama-u.ac.jp/Portal/Public/Syllabus/DetailMain.aspx?lct_year=2023&lct_cd=MM3233-07&je_cd=1
電気電子物理工学輪講Ⅱ,https://risyu.saitama-u.ac.jp/Portal/Public/Syllabus/DetailMain.aspx?lct_year=2023&lct_cd=MM3233-08&je_cd=1
電気電子物理工学輪講Ⅱ,https://risyu.saitama-u.ac.jp/Portal/Public/Syllabus/DetailMain.aspx?lct_year=2023&lct_cd=MM3233-09&je_cd=1
電気電子物理工学輪講Ⅱ,https://risyu.saitama-u.ac.jp/Portal/Public/Syllabus/DetailMain.aspx?lct_year=2023&lct_cd=MM3233-10&je_cd=1
電気電子物理工学輪講Ⅱ,https://risyu.saitama-u.ac.jp/Portal/Public/Syllabus/DetailMain.aspx?lct_year=2023&lct_cd=MM3233-11&je_cd=1
電気電子物理工学輪講Ⅱ,https://risyu.saitama-u.ac.jp/Portal/Public/Syllabus/DetailMain.aspx?lct_year=2023&lct_cd=MM3233-12&je_cd=1
電気電子物理工学輪講Ⅱ,https://risyu.saitama-u.ac.jp/Portal/Public/Syllabus/DetailMain.aspx?lct_year=2023&lct_cd=MM3233-13&je_cd=1
電気電子物理工学輪講Ⅱ,https://risyu.saitama-u.ac.jp/Portal/Public/Syllabus/DetailMain.aspx?lct_year=2023&lct_cd=MM3233-14&je_cd=1
電気電子物理工学輪講Ⅱ,https://risyu.saitama-u.ac.jp/Portal/Public/Syllabus/DetailMain.aspx?lct_year=2023&lct_cd=MM3233-15&je_cd=1
電気電子物理工学輪講Ⅱ,https://risyu.saitama-u.ac.jp/Portal/Public/Syllabus/DetailMain.aspx?lct_year=2023&lct_cd=MM3233-16&je_cd=1
電気電子物理工学輪講Ⅱ,https://risyu.saitama-u.ac.jp/Portal/Public/Syllabus/DetailMain.aspx?lct_year=2023&lct_cd=MM3233-17&je_cd=1
電気電子物理工学輪講Ⅱ,https://risyu.saitama-u.ac.jp/Portal/Public/Syllabus/DetailMain.aspx?lct_year=2023&lct_cd=MM3233-18&je_cd=1
電気電子物理工学輪講Ⅱ,https://risyu.saitama-u.ac.jp/Portal/Public/Syllabus/DetailMain.aspx?lct_year=2023&lct_cd=MM3233-19&je_cd=1
電気電子物理工学輪講Ⅱ,https://risyu.saitama-u.ac.jp/Portal/Public/Syllabus/DetailMain.aspx?lct_year=2023&lct_cd=MM3233-20&je_cd=1
電気電子物理工学輪講Ⅱ,https://risyu.saitama-u.ac.jp/Portal/Public/Syllabus/DetailMain.aspx?lct_year=2023&lct_cd=MM3233-21&je_cd=1
電気電子物理工学輪講Ⅱ,https://risyu.saitama-u.ac.jp/Portal/Public/Syllabus/DetailMain.aspx?lct_year=2023&lct_cd=MM3233-22&je_cd=1
電気電子物理工学輪講Ⅱ,https://risyu.saitama-u.ac.jp/Portal/Public/Syllabus/DetailMain.aspx?lct_year=2023&lct_cd=MM3233-23&je_cd=1
電気電子物理工学輪講Ⅱ,https://risyu.saitama-u.ac.jp/Portal/Public/Syllabus/DetailMain.aspx?lct_year=2023&lct_cd=MM3233-24&je_cd=1
電気電子物理工学輪講Ⅱ,https://risyu.saitama-u.ac.jp/Portal/Public/Syllabus/DetailMain.aspx?lct_year=2023&lct_cd=MM3233-25&je_cd=1
電気電子物理工学輪講Ⅱ,https://risyu.saitama-u.ac.jp/Portal/Public/Syllabus/DetailMain.aspx?lct_year=2023&lct_cd=MM3233-26&je_cd=1
電気電子物理工学輪講Ⅱ,https://risyu.saitama-u.ac.jp/Portal/Public/Syllabus/DetailMain.aspx?lct_year=2023&lct_cd=MM3233-27&je_cd=1
電気電子物理工学輪講Ⅱ,https://risyu.saitama-u.ac.jp/Portal/Public/Syllabus/DetailMain.aspx?lct_year=2023&lct_cd=MM3233-28&je_cd=1
電気電子物理工学輪講Ⅱ,https://risyu.saitama-u.ac.jp/Portal/Public/Syllabus/DetailMain.aspx?lct_year=2023&lct_cd=MM3233-29&je_cd=1
電気電子物理工学輪講Ⅱ,https://risyu.saitama-u.ac.jp/Portal/Public/Syllabus/DetailMain.aspx?lct_year=2023&lct_cd=MM3233-31&je_cd=1
電気電子物理工学輪講Ⅱ,https://risyu.saitama-u.ac.jp/Portal/Public/Syllabus/DetailMain.aspx?lct_year=2023&lct_cd=MM3233-32&je_cd=1
電気電子物理工学輪講Ⅲ,https://risyu.saitama-u.ac.jp/Portal/Public/Syllabus/DetailMain.aspx?lct_year=2023&lct_cd=MM3234-01&je_cd=1
電気電子物理工学輪講Ⅲ,https://risyu.saitama-u.ac.jp/Portal/Public/Syllabus/DetailMain.aspx?lct_year=2023&lct_cd=MM3234-02&je_cd=1
電気電子物理工学輪講Ⅲ,https://risyu.saitama-u.ac.jp/Portal/Public/Syllabus/DetailMain.aspx?lct_year=2023&lct_cd=MM3234-03&je_cd=1
電気電子物理工学輪講Ⅲ,https://risyu.saitama-u.ac.jp/Portal/Public/Syllabus/DetailMain.aspx?lct_year=2023&lct_cd=MM3234-04&je_cd=1
電気電子物理工学輪講Ⅲ,https://risyu.saitama-u.ac.jp/Portal/Public/Syllabus/DetailMain.aspx?lct_year=2023&lct_cd=MM3234-05&je_cd=1
電気電子物理工学輪講Ⅲ,https://risyu.saitama-u.ac.jp/Portal/Public/Syllabus/DetailMain.aspx?lct_year=2023&lct_cd=MM3234-06&je_cd=1
電気電子物理工学輪講Ⅲ,https://risyu.saitama-u.ac.jp/Portal/Public/Syllabus/DetailMain.aspx?lct_year=2023&lct_cd=MM3234-07&je_cd=1
電気電子物理工学輪講Ⅲ,https://risyu.saitama-u.ac.jp/Portal/Public/Syllabus/DetailMain.aspx?lct_year=2023&lct_cd=MM3234-08&je_cd=1
電気電子物理工学輪講Ⅲ,https://risyu.saitama-u.ac.jp/Portal/Public/Syllabus/DetailMain.aspx?lct_year=2023&lct_cd=MM3234-09&je_cd=1
電気電子物理工学輪講Ⅲ,https://risyu.saitama-u.ac.jp/Portal/Public/Syllabus/DetailMain.aspx?lct_year=2023&lct_cd=MM3234-10&je_cd=1
電気電子物理工学輪講Ⅲ,https://risyu.saitama-u.ac.jp/Portal/Public/Syllabus/DetailMain.aspx?lct_year=2023&lct_cd=MM3234-11&je_cd=1
電気電子物理工学輪講Ⅲ,https://risyu.saitama-u.ac.jp/Portal/Public/Syllabus/DetailMain.aspx?lct_year=2023&lct_cd=MM3234-12&je_cd=1
電気電子物理工学輪講Ⅲ,https://risyu.saitama-u.ac.jp/Portal/Public/Syllabus/DetailMain.aspx?lct_year=2023&lct_cd=MM3234-13&je_cd=1
電気電子物理工学輪講Ⅲ,https://risyu.saitama-u.ac.jp/Portal/Public/Syllabus/DetailMain.aspx?lct_year=2023&lct_cd=MM3234-14&je_cd=1
電気電子物理工学輪講Ⅲ,https://risyu.saitama-u.ac.jp/Portal/Public/Syllabus/DetailMain.aspx?lct_year=2023&lct_cd=MM3234-15&je_cd=1
電気電子物理工学輪講Ⅲ,https://risyu.saitama-u.ac.jp/Portal/Public/Syllabus/DetailMain.aspx?lct_year=2023&lct_cd=MM3234-16&je_cd=1
電気電子物理工学輪講Ⅲ,https://risyu.saitama-u.ac.jp/Portal/Public/Syllabus/DetailMain.aspx?lct_year=2023&lct_cd=MM3234-17&je_cd=1
電気電子物理工学輪講Ⅲ,https://risyu.saitama-u.ac.jp/Portal/Public/Syllabus/DetailMain.aspx?lct_year=2023&lct_cd=MM3234-18&je_cd=1
電気電子物理工学輪講Ⅲ,https://risyu.saitama-u.ac.jp/Portal/Public/Syllabus/DetailMain.aspx?lct_year=2023&lct_cd=MM3234-19&je_cd=1
電気電子物理工学輪講Ⅲ,https://risyu.saitama-u.ac.jp/Portal/Public/Syllabus/DetailMain.aspx?lct_year=2023&lct_cd=MM3234-20&je_cd=1
電気電子物理工学輪講Ⅲ,https://risyu.saitama-u.ac.jp/Portal/Public/Syllabus/DetailMain.aspx?lct_year=2023&lct_cd=MM3234-21&je_cd=1
電気電子物理工学輪講Ⅲ,https://risyu.saitama-u.ac.jp/Portal/Public/Syllabus/DetailMain.aspx?lct_year=2023&lct_cd=MM3234-22&je_cd=1
電気電子物理工学輪講Ⅲ,https://risyu.saitama-u.ac.jp/Portal/Public/Syllabus/DetailMain.aspx?lct_year=2023&lct_cd=MM3234-23&je_cd=1
電気電子物理工学輪講Ⅲ,https://risyu.saitama-u.ac.jp/Portal/Public/Syllabus/DetailMain.aspx?lct_year=2023&lct_cd=MM3234-24&je_cd=1
電気電子物理工学輪講Ⅲ,https://risyu.saitama-u.ac.jp/Portal/Public/Syllabus/DetailMain.aspx?lct_year=2023&lct_cd=MM3234-25&je_cd=1
電気電子物理工学輪講Ⅲ,https://risyu.saitama-u.ac.jp/Portal/Public/Syllabus/DetailMain.aspx?lct_year=2023&lct_cd=MM3234-26&je_cd=1
電気電子物理工学輪講Ⅲ,https://risyu.saitama-u.ac.jp/Portal/Public/Syllabus/DetailMain.aspx?lct_year=2023&lct_cd=MM3234-27&je_cd=1
電気電子物理工学輪講Ⅲ,https://risyu.saitama-u.ac.jp/Portal/Public/Syllabus/DetailMain.aspx?lct_year=2023&lct_cd=MM3234-28&je_cd=1
電気電子物理工学輪講Ⅲ,https://risyu.saitama-u.ac.jp/Portal/Public/Syllabus/DetailMain.aspx?lct_year=2023&lct_cd=MM3234-29&je_cd=1
電気電子物理工学輪講Ⅲ,https://risyu.saitama-u.ac.jp/Portal/Public/Syllabus/DetailMain.aspx?lct_year=2023&lct_cd=MM3234-31&je_cd=1
電気電子物理工学輪講Ⅲ,https://risyu.saitama-u.ac.jp/Portal/Public/Syllabus/DetailMain.aspx?lct_year=2023&lct_cd=MM3234-32&je_cd=1
電気電子物理工学輪講Ⅳ,https://risyu.saitama-u.ac.jp/Portal/Public/Syllabus/DetailMain.aspx?lct_year=2023&lct_cd=MM3235-01&je_cd=1
電気電子物理工学輪講Ⅳ,https://risyu.saitama-u.ac.jp/Portal/Public/Syllabus/DetailMain.aspx?lct_year=2023&lct_cd=MM3235-02&je_cd=1
電気電子物理工学輪講Ⅳ,https://risyu.saitama-u.ac.jp/Portal/Public/Syllabus/DetailMain.aspx?lct_year=2023&lct_cd=MM3235-03&je_cd=1
電気電子物理工学輪講Ⅳ,https://risyu.saitama-u.ac.jp/Portal/Public/Syllabus/DetailMain.aspx?lct_year=2023&lct_cd=MM3235-04&je_cd=1
電気電子物理工学輪講Ⅳ,https://risyu.saitama-u.ac.jp/Portal/Public/Syllabus/DetailMain.aspx?lct_year=2023&lct_cd=MM3235-05&je_cd=1
電気電子物理工学輪講Ⅳ,https://risyu.saitama-u.ac.jp/Portal/Public/Syllabus/DetailMain.aspx?lct_year=2023&lct_cd=MM3235-06&je_cd=1
電気電子物理工学輪講Ⅳ,https://risyu.saitama-u.ac.jp/Portal/Public/Syllabus/DetailMain.aspx?lct_year=2023&lct_cd=MM3235-07&je_cd=1
電気電子物理工学輪講Ⅳ,https://risyu.saitama-u.ac.jp/Portal/Public/Syllabus/DetailMain.aspx?lct_year=2023&lct_cd=MM3235-08&je_cd=1
電気電子物理工学輪講Ⅳ,https://risyu.saitama-u.ac.jp/Portal/Public/Syllabus/DetailMain.aspx?lct_year=2023&lct_cd=MM3235-09&je_cd=1
電気電子物理工学輪講Ⅳ,https://risyu.saitama-u.ac.jp/Portal/Public/Syllabus/DetailMain.aspx?lct_year=2023&lct_cd=MM3235-10&je_cd=1
電気電子物理工学輪講Ⅳ,https://risyu.saitama-u.ac.jp/Portal/Public/Syllabus/DetailMain.aspx?lct_year=2023&lct_cd=MM3235-11&je_cd=1
電気電子物理工学輪講Ⅳ,https://risyu.saitama-u.ac.jp/Portal/Public/Syllabus/DetailMain.aspx?lct_year=2023&lct_cd=MM3235-12&je_cd=1
電気電子物理工学輪講Ⅳ,https://risyu.saitama-u.ac.jp/Portal/Public/Syllabus/DetailMain.aspx?lct_year=2023&lct_cd=MM3235-13&je_cd=1
電気電子物理工学輪講Ⅳ,https://risyu.saitama-u.ac.jp/Portal/Public/Syllabus/DetailMain.aspx?lct_year=2023&lct_cd=MM3235-14&je_cd=1
電気電子物理工学輪講Ⅳ,https://risyu.saitama-u.ac.jp/Portal/Public/Syllabus/DetailMain.aspx?lct_year=2023&lct_cd=MM3235-15&je_cd=1
電気電子物理工学輪講Ⅳ,https://risyu.saitama-u.ac.jp/Portal/Public/Syllabus/DetailMain.aspx?lct_year=2023&lct_cd=MM3235-16&je_cd=1
電気電子物理工学輪講Ⅳ,https://risyu.saitama-u.ac.jp/Portal/Public/Syllabus/DetailMain.aspx?lct_year=2023&lct_cd=MM3235-17&je_cd=1
電気電子物理工学輪講Ⅳ,https://risyu.saitama-u.ac.jp/Portal/Public/Syllabus/DetailMain.aspx?lct_year=2023&lct_cd=MM3235-18&je_cd=1
電気電子物理工学輪講Ⅳ,https://risyu.saitama-u.ac.jp/Portal/Public/Syllabus/DetailMain.aspx?lct_year=2023&lct_cd=MM3235-19&je_cd=1
電気電子物理工学輪講Ⅳ,https://risyu.saitama-u.ac.jp/Portal/Public/Syllabus/DetailMain.aspx?lct_year=2023&lct_cd=MM3235-20&je_cd=1
電気電子物理工学輪講Ⅳ,https://risyu.saitama-u.ac.jp/Portal/Public/Syllabus/DetailMain.aspx?lct_year=2023&lct_cd=MM3235-21&je_cd=1
電気電子物理工学輪講Ⅳ,https://risyu.saitama-u.ac.jp/Portal/Public/Syllabus/DetailMain.aspx?lct_year=2023&lct_cd=MM3235-22&je_cd=1
電気電子物理工学輪講Ⅳ,https://risyu.saitama-u.ac.jp/Portal/Public/Syllabus/DetailMain.aspx?lct_year=2023&lct_cd=MM3235-23&je_cd=1
電気電子物理工学輪講Ⅳ,https://risyu.saitama-u.ac.jp/Portal/Public/Syllabus/DetailMain.aspx?lct_year=2023&lct_cd=MM3235-24&je_cd=1
電気電子物理工学輪講Ⅳ,https://risyu.saitama-u.ac.jp/Portal/Public/Syllabus/DetailMain.aspx?lct_year=2023&lct_cd=MM3235-25&je_cd=1
電気電子物理工学輪講Ⅳ,https://risyu.saitama-u.ac.jp/Portal/Public/Syllabus/DetailMain.aspx?lct_year=2023&lct_cd=MM3235-26&je_cd=1
電気電子物理工学輪講Ⅳ,https://risyu.saitama-u.ac.jp/Portal/Public/Syllabus/DetailMain.aspx?lct_year=2023&lct_cd=MM3235-27&je_cd=1
電気電子物理工学輪講Ⅳ,https://risyu.saitama-u.ac.jp/Portal/Public/Syllabus/DetailMain.aspx?lct_year=2023&lct_cd=MM3235-28&je_cd=1
電気電子物理工学輪講Ⅳ,https://risyu.saitama-u.ac.jp/Portal/Public/Syllabus/DetailMain.aspx?lct_year=2023&lct_cd=MM3235-29&je_cd=1
電気電子物理工学輪講Ⅳ,https://risyu.saitama-u.ac.jp/Portal/Public/Syllabus/DetailMain.aspx?lct_year=2023&lct_cd=MM3235-31&je_cd=1
電気電子物理工学輪講Ⅳ,https://risyu.saitama-u.ac.jp/Portal/Public/Syllabus/DetailMain.aspx?lct_year=2023&lct_cd=MM3235-32&je_cd=1
放電プラズマ工学特論,https://risyu.saitama-u.ac.jp/Portal/Public/Syllabus/DetailMain.aspx?lct_year=2023&lct_cd=MM32360&je_cd=1
情報工学特別研究Ⅰ,https://risyu.saitama-u.ac.jp/Portal/Public/Syllabus/DetailMain.aspx?lct_year=2023&lct_cd=MM33010&je_cd=1
情報工学特別研究Ⅰ,https://risyu.saitama-u.ac.jp/Portal/Public/Syllabus/DetailMain.aspx?lct_year=2023&lct_cd=MM33015&je_cd=1
情報工学特別研究Ⅱ,https://risyu.saitama-u.ac.jp/Portal/Public/Syllabus/DetailMain.aspx?lct_year=2023&lct_cd=MM33020&je_cd=1
情報工学特別研究Ⅱ,https://risyu.saitama-u.ac.jp/Portal/Public/Syllabus/DetailMain.aspx?lct_year=2023&lct_cd=MM33025&je_cd=1
数値解析特論,https://risyu.saitama-u.ac.jp/Portal/Public/Syllabus/DetailMain.aspx?lct_year=2023&lct_cd=MM33030&je_cd=1
信号処理特論,https://risyu.saitama-u.ac.jp/Portal/Public/Syllabus/DetailMain.aspx?lct_year=2023&lct_cd=MM33040&je_cd=1
離散アルゴリズム特論,https://risyu.saitama-u.ac.jp/Portal/Public/Syllabus/DetailMain.aspx?lct_year=2023&lct_cd=MM33060&je_cd=1
形式的手法特論,https://risyu.saitama-u.ac.jp/Portal/Public/Syllabus/DetailMain.aspx?lct_year=2023&lct_cd=MM33070&je_cd=1
複雑系フォトニクス特論,https://risyu.saitama-u.ac.jp/Portal/Public/Syllabus/DetailMain.aspx?lct_year=2023&lct_cd=MM33090&je_cd=1
センシングシステム特論,https://risyu.saitama-u.ac.jp/Portal/Public/Syllabus/DetailMain.aspx?lct_year=2023&lct_cd=MM33100&je_cd=1
センシングシステム特論,https://risyu.saitama-u.ac.jp/Portal/Public/Syllabus/DetailMain.aspx?lct_year=2023&lct_cd=MM33100&je_cd=2
画像応用システム特論,https://risyu.saitama-u.ac.jp/Portal/Public/Syllabus/DetailMain.aspx?lct_year=2023&lct_cd=MM33110&je_cd=1
確率的情報処理特論,https://risyu.saitama-u.ac.jp/Portal/Public/Syllabus/DetailMain.aspx?lct_year=2023&lct_cd=MM33120&je_cd=1
知識表現特論,https://risyu.saitama-u.ac.jp/Portal/Public/Syllabus/DetailMain.aspx?lct_year=2023&lct_cd=MM33130&je_cd=1
組込みリアルタイムシステム特論,https://risyu.saitama-u.ac.jp/Portal/Public/Syllabus/DetailMain.aspx?lct_year=2023&lct_cd=MM33140&je_cd=1
生命情報工学特論,https://risyu.saitama-u.ac.jp/Portal/Public/Syllabus/DetailMain.aspx?lct_year=2023&lct_cd=MM33150&je_cd=1
視覚情報処理システム特論,https://risyu.saitama-u.ac.jp/Portal/Public/Syllabus/DetailMain.aspx?lct_year=2023&lct_cd=MM33160&je_cd=1
地理情報科学特論,https://risyu.saitama-u.ac.jp/Portal/Public/Syllabus/DetailMain.aspx?lct_year=2023&lct_cd=MM33170&je_cd=1
情報理論特論,https://risyu.saitama-u.ac.jp/Portal/Public/Syllabus/DetailMain.aspx?lct_year=2023&lct_cd=MM33180&je_cd=1
情報処理特別演習,https://risyu.saitama-u.ac.jp/Portal/Public/Syllabus/DetailMain.aspx?lct_year=2023&lct_cd=MM33190&je_cd=1
プログラミング特別演習Ⅰ,https://risyu.saitama-u.ac.jp/Portal/Public/Syllabus/DetailMain.aspx?lct_year=2023&lct_cd=MM33200&je_cd=1
プログラミング特別演習Ⅱ,https://risyu.saitama-u.ac.jp/Portal/Public/Syllabus/DetailMain.aspx?lct_year=2023&lct_cd=MM33210&je_cd=1
プレゼンテーション特別演習,https://risyu.saitama-u.ac.jp/Portal/Public/Syllabus/DetailMain.aspx?lct_year=2023&lct_cd=MM33220&je_cd=1
プレゼンテーション特別演習,https://risyu.saitama-u.ac.jp/Portal/Public/Syllabus/DetailMain.aspx?lct_year=2023&lct_cd=MM33225&je_cd=1
情報工学輪講Ⅰ,https://risyu.saitama-u.ac.jp/Portal/Public/Syllabus/DetailMain.aspx?lct_year=2023&lct_cd=MM33230&je_cd=1
情報工学輪講Ⅱ,https://risyu.saitama-u.ac.jp/Portal/Public/Syllabus/DetailMain.aspx?lct_year=2023&lct_cd=MM33240&je_cd=1
ネットワーク科学特論,https://risyu.saitama-u.ac.jp/Portal/Public/Syllabus/DetailMain.aspx?lct_year=2023&lct_cd=MM33250&je_cd=1
光ハードウェア機械学習特論,https://risyu.saitama-u.ac.jp/Portal/Public/Syllabus/DetailMain.aspx?lct_year=2023&lct_cd=MM33260&je_cd=1
ビジュアル情報特論,https://risyu.saitama-u.ac.jp/Portal/Public/Syllabus/DetailMain.aspx?lct_year=2023&lct_cd=MM33270&je_cd=1
インタラクティブ工学特論,https://risyu.saitama-u.ac.jp/Portal/Public/Syllabus/DetailMain.aspx?lct_year=2023&lct_cd=MM33280&je_cd=1
機械科学特別研究Ⅰ,https://risyu.saitama-u.ac.jp/Portal/Public/Syllabus/DetailMain.aspx?lct_year=2023&lct_cd=MM40010&je_cd=1
機械科学特別研究Ⅰ,https://risyu.saitama-u.ac.jp/Portal/Public/Syllabus/DetailMain.aspx?lct_year=2023&lct_cd=MM40015&je_cd=1
機械科学特別研究Ⅱ,https://risyu.saitama-u.ac.jp/Portal/Public/Syllabus/DetailMain.aspx?lct_year=2023&lct_cd=MM40020&je_cd=1
機械科学特別研究Ⅱ,https://risyu.saitama-u.ac.jp/Portal/Public/Syllabus/DetailMain.aspx?lct_year=2023&lct_cd=MM40025&je_cd=1
機械科学輪講Ⅰ,https://risyu.saitama-u.ac.jp/Portal/Public/Syllabus/DetailMain.aspx?lct_year=2023&lct_cd=MM4003-01&je_cd=1
機械科学輪講Ⅰ,https://risyu.saitama-u.ac.jp/Portal/Public/Syllabus/DetailMain.aspx?lct_year=2023&lct_cd=MM4003-02&je_cd=1
機械科学輪講Ⅰ,https://risyu.saitama-u.ac.jp/Portal/Public/Syllabus/DetailMain.aspx?lct_year=2023&lct_cd=MM4003-03&je_cd=1
機械科学輪講Ⅰ,https://risyu.saitama-u.ac.jp/Portal/Public/Syllabus/DetailMain.aspx?lct_year=2023&lct_cd=MM4003-04&je_cd=1
機械科学輪講Ⅰ,https://risyu.saitama-u.ac.jp/Portal/Public/Syllabus/DetailMain.aspx?lct_year=2023&lct_cd=MM4003-05&je_cd=1
機械科学輪講Ⅰ,https://risyu.saitama-u.ac.jp/Portal/Public/Syllabus/DetailMain.aspx?lct_year=2023&lct_cd=MM4003-06&je_cd=1
機械科学輪講Ⅰ,https://risyu.saitama-u.ac.jp/Portal/Public/Syllabus/DetailMain.aspx?lct_year=2023&lct_cd=MM4003-07&je_cd=1
機械科学輪講Ⅰ,https://risyu.saitama-u.ac.jp/Portal/Public/Syllabus/DetailMain.aspx?lct_year=2023&lct_cd=MM4003-08&je_cd=1
機械科学輪講Ⅰ,https://risyu.saitama-u.ac.jp/Portal/Public/Syllabus/DetailMain.aspx?lct_year=2023&lct_cd=MM4003-09&je_cd=1
機械科学輪講Ⅰ,https://risyu.saitama-u.ac.jp/Portal/Public/Syllabus/DetailMain.aspx?lct_year=2023&lct_cd=MM4003-10&je_cd=1
機械科学輪講Ⅰ,https://risyu.saitama-u.ac.jp/Portal/Public/Syllabus/DetailMain.aspx?lct_year=2023&lct_cd=MM4003-11&je_cd=1
機械科学輪講Ⅰ,https://risyu.saitama-u.ac.jp/Portal/Public/Syllabus/DetailMain.aspx?lct_year=2023&lct_cd=MM4003-12&je_cd=1
機械科学輪講Ⅰ,https://risyu.saitama-u.ac.jp/Portal/Public/Syllabus/DetailMain.aspx?lct_year=2023&lct_cd=MM4003-13&je_cd=1
機械科学輪講Ⅰ,https://risyu.saitama-u.ac.jp/Portal/Public/Syllabus/DetailMain.aspx?lct_year=2023&lct_cd=MM40035-01&je_cd=1
機械科学輪講Ⅰ,https://risyu.saitama-u.ac.jp/Portal/Public/Syllabus/DetailMain.aspx?lct_year=2023&lct_cd=MM40035-02&je_cd=1
機械科学輪講Ⅰ,https://risyu.saitama-u.ac.jp/Portal/Public/Syllabus/DetailMain.aspx?lct_year=2023&lct_cd=MM40035-03&je_cd=1
機械科学輪講Ⅰ,https://risyu.saitama-u.ac.jp/Portal/Public/Syllabus/DetailMain.aspx?lct_year=2023&lct_cd=MM40035-04&je_cd=1
機械科学輪講Ⅰ,https://risyu.saitama-u.ac.jp/Portal/Public/Syllabus/DetailMain.aspx?lct_year=2023&lct_cd=MM40035-05&je_cd=1
機械科学輪講Ⅰ,https://risyu.saitama-u.ac.jp/Portal/Public/Syllabus/DetailMain.aspx?lct_year=2023&lct_cd=MM40035-06&je_cd=1
機械科学輪講Ⅰ,https://risyu.saitama-u.ac.jp/Portal/Public/Syllabus/DetailMain.aspx?lct_year=2023&lct_cd=MM40035-07&je_cd=1
機械科学輪講Ⅰ,https://risyu.saitama-u.ac.jp/Portal/Public/Syllabus/DetailMain.aspx?lct_year=2023&lct_cd=MM40035-08&je_cd=1
機械科学輪講Ⅰ,https://risyu.saitama-u.ac.jp/Portal/Public/Syllabus/DetailMain.aspx?lct_year=2023&lct_cd=MM40035-09&je_cd=1
機械科学輪講Ⅰ,https://risyu.saitama-u.ac.jp/Portal/Public/Syllabus/DetailMain.aspx?lct_year=2023&lct_cd=MM40035-10&je_cd=1
機械科学輪講Ⅰ,https://risyu.saitama-u.ac.jp/Portal/Public/Syllabus/DetailMain.aspx?lct_year=2023&lct_cd=MM40035-11&je_cd=1
機械科学輪講Ⅰ,https://risyu.saitama-u.ac.jp/Portal/Public/Syllabus/DetailMain.aspx?lct_year=2023&lct_cd=MM40035-12&je_cd=1
機械科学輪講Ⅰ,https://risyu.saitama-u.ac.jp/Portal/Public/Syllabus/DetailMain.aspx?lct_year=2023&lct_cd=MM40035-13&je_cd=1
機械科学輪講Ⅱ,https://risyu.saitama-u.ac.jp/Portal/Public/Syllabus/DetailMain.aspx?lct_year=2023&lct_cd=MM4004-01&je_cd=1
機械科学輪講Ⅱ,https://risyu.saitama-u.ac.jp/Portal/Public/Syllabus/DetailMain.aspx?lct_year=2023&lct_cd=MM4004-02&je_cd=1
機械科学輪講Ⅱ,https://risyu.saitama-u.ac.jp/Portal/Public/Syllabus/DetailMain.aspx?lct_year=2023&lct_cd=MM4004-03&je_cd=1
機械科学輪講Ⅱ,https://risyu.saitama-u.ac.jp/Portal/Public/Syllabus/DetailMain.aspx?lct_year=2023&lct_cd=MM4004-04&je_cd=1
機械科学輪講Ⅱ,https://risyu.saitama-u.ac.jp/Portal/Public/Syllabus/DetailMain.aspx?lct_year=2023&lct_cd=MM4004-05&je_cd=1
機械科学輪講Ⅱ,https://risyu.saitama-u.ac.jp/Portal/Public/Syllabus/DetailMain.aspx?lct_year=2023&lct_cd=MM4004-06&je_cd=1
機械科学輪講Ⅱ,https://risyu.saitama-u.ac.jp/Portal/Public/Syllabus/DetailMain.aspx?lct_year=2023&lct_cd=MM4004-07&je_cd=1
機械科学輪講Ⅱ,https://risyu.saitama-u.ac.jp/Portal/Public/Syllabus/DetailMain.aspx?lct_year=2023&lct_cd=MM4004-08&je_cd=1
機械科学輪講Ⅱ,https://risyu.saitama-u.ac.jp/Portal/Public/Syllabus/DetailMain.aspx?lct_year=2023&lct_cd=MM4004-09&je_cd=1
機械科学輪講Ⅱ,https://risyu.saitama-u.ac.jp/Portal/Public/Syllabus/DetailMain.aspx?lct_year=2023&lct_cd=MM4004-10&je_cd=1
機械科学輪講Ⅱ,https://risyu.saitama-u.ac.jp/Portal/Public/Syllabus/DetailMain.aspx?lct_year=2023&lct_cd=MM4004-11&je_cd=1
機械科学輪講Ⅱ,https://risyu.saitama-u.ac.jp/Portal/Public/Syllabus/DetailMain.aspx?lct_year=2023&lct_cd=MM4004-12&je_cd=1
機械科学輪講Ⅱ,https://risyu.saitama-u.ac.jp/Portal/Public/Syllabus/DetailMain.aspx?lct_year=2023&lct_cd=MM4004-13&je_cd=1
機械科学輪講Ⅱ,https://risyu.saitama-u.ac.jp/Portal/Public/Syllabus/DetailMain.aspx?lct_year=2023&lct_cd=MM40045&je_cd=1
機械科学輪講Ⅱ,https://risyu.saitama-u.ac.jp/Portal/Public/Syllabus/DetailMain.aspx?lct_year=2023&lct_cd=MM40045-02&je_cd=1
機械科学輪講Ⅱ,https://risyu.saitama-u.ac.jp/Portal/Public/Syllabus/DetailMain.aspx?lct_year=2023&lct_cd=MM40045-03&je_cd=1
機械科学輪講Ⅱ,https://risyu.saitama-u.ac.jp/Portal/Public/Syllabus/DetailMain.aspx?lct_year=2023&lct_cd=MM40045-04&je_cd=1
機械科学輪講Ⅱ,https://risyu.saitama-u.ac.jp/Portal/Public/Syllabus/DetailMain.aspx?lct_year=2023&lct_cd=MM40045-05&je_cd=1
機械科学輪講Ⅱ,https://risyu.saitama-u.ac.jp/Portal/Public/Syllabus/DetailMain.aspx?lct_year=2023&lct_cd=MM40045-06&je_cd=1
機械科学輪講Ⅱ,https://risyu.saitama-u.ac.jp/Portal/Public/Syllabus/DetailMain.aspx?lct_year=2023&lct_cd=MM40045-07&je_cd=1
機械科学輪講Ⅱ,https://risyu.saitama-u.ac.jp/Portal/Public/Syllabus/DetailMain.aspx?lct_year=2023&lct_cd=MM40045-08&je_cd=1
機械科学輪講Ⅱ,https://risyu.saitama-u.ac.jp/Portal/Public/Syllabus/DetailMain.aspx?lct_year=2023&lct_cd=MM40045-09&je_cd=1
機械科学輪講Ⅱ,https://risyu.saitama-u.ac.jp/Portal/Public/Syllabus/DetailMain.aspx?lct_year=2023&lct_cd=MM40045-10&je_cd=1
機械科学輪講Ⅱ,https://risyu.saitama-u.ac.jp/Portal/Public/Syllabus/DetailMain.aspx?lct_year=2023&lct_cd=MM40045-11&je_cd=1
機械科学輪講Ⅱ,https://risyu.saitama-u.ac.jp/Portal/Public/Syllabus/DetailMain.aspx?lct_year=2023&lct_cd=MM40045-12&je_cd=1
機械科学輪講Ⅱ,https://risyu.saitama-u.ac.jp/Portal/Public/Syllabus/DetailMain.aspx?lct_year=2023&lct_cd=MM40045-13&je_cd=1
材料力学特論,https://risyu.saitama-u.ac.jp/Portal/Public/Syllabus/DetailMain.aspx?lct_year=2023&lct_cd=MM40050&je_cd=1
生産工学特論,https://risyu.saitama-u.ac.jp/Portal/Public/Syllabus/DetailMain.aspx?lct_year=2023&lct_cd=MM40060&je_cd=1
加工学特論,https://risyu.saitama-u.ac.jp/Portal/Public/Syllabus/DetailMain.aspx?lct_year=2023&lct_cd=MM40070&je_cd=1
機械要素特論,https://risyu.saitama-u.ac.jp/Portal/Public/Syllabus/DetailMain.aspx?lct_year=2023&lct_cd=MM40080&je_cd=1
流体力学特論,https://risyu.saitama-u.ac.jp/Portal/Public/Syllabus/DetailMain.aspx?lct_year=2023&lct_cd=MM40090&je_cd=1
熱エネルギー特論,https://risyu.saitama-u.ac.jp/Portal/Public/Syllabus/DetailMain.aspx?lct_year=2023&lct_cd=MM40100&je_cd=1
ロボティクス特論,https://risyu.saitama-u.ac.jp/Portal/Public/Syllabus/DetailMain.aspx?lct_year=2023&lct_cd=MM40120&je_cd=1
機械システム制御特論,https://risyu.saitama-u.ac.jp/Portal/Public/Syllabus/DetailMain.aspx?lct_year=2023&lct_cd=MM40130&je_cd=1
トランスファー・エンジニアリング特論,https://risyu.saitama-u.ac.jp/Portal/Public/Syllabus/DetailMain.aspx?lct_year=2023&lct_cd=MM40140&je_cd=1
加工物性特論,https://risyu.saitama-u.ac.jp/Portal/Public/Syllabus/DetailMain.aspx?lct_year=2023&lct_cd=MM40150&je_cd=1
材料工学特論,https://risyu.saitama-u.ac.jp/Portal/Public/Syllabus/DetailMain.aspx?lct_year=2023&lct_cd=MM40170&je_cd=1
材料評価工学特論,https://risyu.saitama-u.ac.jp/Portal/Public/Syllabus/DetailMain.aspx?lct_year=2023&lct_cd=MM40180&je_cd=1
機械運動学特論,https://risyu.saitama-u.ac.jp/Portal/Public/Syllabus/DetailMain.aspx?lct_year=2023&lct_cd=MM40190&je_cd=1
反応性気体力学特論,https://risyu.saitama-u.ac.jp/Portal/Public/Syllabus/DetailMain.aspx?lct_year=2023&lct_cd=MM40210&je_cd=1
メカトロニクスシステム特論,https://risyu.saitama-u.ac.jp/Portal/Public/Syllabus/DetailMain.aspx?lct_year=2023&lct_cd=MM40220&je_cd=1
バイオロボット工学特論,https://risyu.saitama-u.ac.jp/Portal/Public/Syllabus/DetailMain.aspx?lct_year=2023&lct_cd=MM40230&je_cd=1
機械力学特論,https://risyu.saitama-u.ac.jp/Portal/Public/Syllabus/DetailMain.aspx?lct_year=2023&lct_cd=MM40240&je_cd=1
動システム解析特論,https://risyu.saitama-u.ac.jp/Portal/Public/Syllabus/DetailMain.aspx?lct_year=2023&lct_cd=MM40250&je_cd=1
ロボット設計学特論,https://risyu.saitama-u.ac.jp/Portal/Public/Syllabus/DetailMain.aspx?lct_year=2023&lct_cd=MM40260&je_cd=1
ユーザビリティ工学特論,https://risyu.saitama-u.ac.jp/Portal/Public/Syllabus/DetailMain.aspx?lct_year=2023&lct_cd=MM40280&je_cd=1
認知工学特論,https://risyu.saitama-u.ac.jp/Portal/Public/Syllabus/DetailMain.aspx?lct_year=2023&lct_cd=MM40290&je_cd=1
インターンシップ,https://risyu.saitama-u.ac.jp/Portal/Public/Syllabus/DetailMain.aspx?lct_year=2023&lct_cd=MM40300&je_cd=1
環境社会基盤国際特別研究Ⅰ,https://risyu.saitama-u.ac.jp/Portal/Public/Syllabus/DetailMain.aspx?lct_year=2023&lct_cd=MM50010&je_cd=1
環境社会基盤国際特別研究Ⅰ,https://risyu.saitama-u.ac.jp/Portal/Public/Syllabus/DetailMain.aspx?lct_year=2023&lct_cd=MM50015&je_cd=1
環境社会基盤国際特別研究Ⅱ,https://risyu.saitama-u.ac.jp/Portal/Public/Syllabus/DetailMain.aspx?lct_year=2023&lct_cd=MM50020&je_cd=1
環境社会基盤国際特別研究Ⅱ,https://risyu.saitama-u.ac.jp/Portal/Public/Syllabus/DetailMain.aspx?lct_year=2023&lct_cd=MM50025&je_cd=1
環境社会基盤国際特別研究Ⅲ,https://risyu.saitama-u.ac.jp/Portal/Public/Syllabus/DetailMain.aspx?lct_year=2023&lct_cd=MM50030&je_cd=1
環境社会基盤国際特別研究Ⅲ,https://risyu.saitama-u.ac.jp/Portal/Public/Syllabus/DetailMain.aspx?lct_year=2023&lct_cd=MM50035&je_cd=1
構造物のための数値解析(E),https://risyu.saitama-u.ac.jp/Portal/Public/Syllabus/DetailMain.aspx?lct_year=2023&lct_cd=MM50040&je_cd=1
地盤材料学(E),https://risyu.saitama-u.ac.jp/Portal/Public/Syllabus/DetailMain.aspx?lct_year=2023&lct_cd=MM50050&je_cd=1
地形プロセス学特論(E),https://risyu.saitama-u.ac.jp/Portal/Public/Syllabus/DetailMain.aspx?lct_year=2023&lct_cd=MM50060&je_cd=1
地形プロセス学特論(E),https://risyu.saitama-u.ac.jp/Portal/Public/Syllabus/DetailMain.aspx?lct_year=2023&lct_cd=MM50060&je_cd=2
地圏デザイン序説(JE),https://risyu.saitama-u.ac.jp/Portal/Public/Syllabus/DetailMain.aspx?lct_year=2023&lct_cd=MM50070&je_cd=1
地圏デザイン序説(JE),https://risyu.saitama-u.ac.jp/Portal/Public/Syllabus/DetailMain.aspx?lct_year=2023&lct_cd=MM50070&je_cd=2
地盤地震工学特論(E),https://risyu.saitama-u.ac.jp/Portal/Public/Syllabus/DetailMain.aspx?lct_year=2023&lct_cd=MM50080&je_cd=1
振動波動解析学特論(JE),https://risyu.saitama-u.ac.jp/Portal/Public/Syllabus/DetailMain.aspx?lct_year=2023&lct_cd=MM50090&je_cd=1
耐震工学特論(E),https://risyu.saitama-u.ac.jp/Portal/Public/Syllabus/DetailMain.aspx?lct_year=2023&lct_cd=MM50100&je_cd=1
構造振動論(E),https://risyu.saitama-u.ac.jp/Portal/Public/Syllabus/DetailMain.aspx?lct_year=2023&lct_cd=MM50110&je_cd=1
構造振動論(E),https://risyu.saitama-u.ac.jp/Portal/Public/Syllabus/DetailMain.aspx?lct_year=2023&lct_cd=MM50110&je_cd=2
構造設計と解析(JE),https://risyu.saitama-u.ac.jp/Portal/Public/Syllabus/DetailMain.aspx?lct_year=2023&lct_cd=MM50120&je_cd=1
構造設計と解析(JE),https://risyu.saitama-u.ac.jp/Portal/Public/Syllabus/DetailMain.aspx?lct_year=2023&lct_cd=MM50120&je_cd=2
コンクリートとその他セメント系材料(E),https://risyu.saitama-u.ac.jp/Portal/Public/Syllabus/DetailMain.aspx?lct_year=2023&lct_cd=MM50130&je_cd=1
コンクリート構造物の設計と維持管理(E),https://risyu.saitama-u.ac.jp/Portal/Public/Syllabus/DetailMain.aspx?lct_year=2023&lct_cd=MM50140&je_cd=1
コンクリート構造物の設計と維持管理(E),https://risyu.saitama-u.ac.jp/Portal/Public/Syllabus/DetailMain.aspx?lct_year=2023&lct_cd=MM50140&je_cd=2
水圏数値解析学(E),https://risyu.saitama-u.ac.jp/Portal/Public/Syllabus/DetailMain.aspx?lct_year=2023&lct_cd=MM50150&je_cd=1
水圏工学実践(JE),https://risyu.saitama-u.ac.jp/Portal/Public/Syllabus/DetailMain.aspx?lct_year=2023&lct_cd=MM50160&je_cd=1
交通システム特論(E),https://risyu.saitama-u.ac.jp/Portal/Public/Syllabus/DetailMain.aspx?lct_year=2023&lct_cd=MM50170&je_cd=1
地域・都市計画エクササイズ,https://risyu.saitama-u.ac.jp/Portal/Public/Syllabus/DetailMain.aspx?lct_year=2023&lct_cd=MM50180&je_cd=1
計画数理特論(JE),https://risyu.saitama-u.ac.jp/Portal/Public/Syllabus/DetailMain.aspx?lct_year=2023&lct_cd=MM50190&je_cd=1
地盤構造学(E),https://risyu.saitama-u.ac.jp/Portal/Public/Syllabus/DetailMain.aspx?lct_year=2023&lct_cd=MM50200&je_cd=1
地震動特論(JE),https://risyu.saitama-u.ac.jp/Portal/Public/Syllabus/DetailMain.aspx?lct_year=2023&lct_cd=MM50210&je_cd=1
地震動特論(JE),https://risyu.saitama-u.ac.jp/Portal/Public/Syllabus/DetailMain.aspx?lct_year=2023&lct_cd=MM50210&je_cd=2
社会基盤特別講義Ⅰ,https://risyu.saitama-u.ac.jp/Portal/Public/Syllabus/DetailMain.aspx?lct_year=2023&lct_cd=MM50230&je_cd=1
社会基盤特別講義Ⅱ,https://risyu.saitama-u.ac.jp/Portal/Public/Syllabus/DetailMain.aspx?lct_year=2023&lct_cd=MM50240&je_cd=1
社会基盤特別講義Ⅲ(E),https://risyu.saitama-u.ac.jp/Portal/Public/Syllabus/DetailMain.aspx?lct_year=2023&lct_cd=MM50250&je_cd=1
社会基盤特別講義Ⅲ(E),https://risyu.saitama-u.ac.jp/Portal/Public/Syllabus/DetailMain.aspx?lct_year=2023&lct_cd=MM50250&je_cd=2
インターナショナルコミュニケーション,https://risyu.saitama-u.ac.jp/Portal/Public/Syllabus/DetailMain.aspx?lct_year=2023&lct_cd=MM50260&je_cd=1
環境社会基盤工学輪講I,https://risyu.saitama-u.ac.jp/Portal/Public/Syllabus/DetailMain.aspx?lct_year=2023&lct_cd=MM50270&je_cd=1
環境社会基盤工学輪講I,https://risyu.saitama-u.ac.jp/Portal/Public/Syllabus/DetailMain.aspx?lct_year=2023&lct_cd=MM50275&je_cd=1
環境社会基盤工学輪講II,https://risyu.saitama-u.ac.jp/Portal/Public/Syllabus/DetailMain.aspx?lct_year=2023&lct_cd=MM50280&je_cd=1
環境社会基盤工学輪講II,https://risyu.saitama-u.ac.jp/Portal/Public/Syllabus/DetailMain.aspx?lct_year=2023&lct_cd=MM50285&je_cd=1
構造力学Ⅲ,https://risyu.saitama-u.ac.jp/Portal/Public/Syllabus/DetailMain.aspx?lct_year=2023&lct_cd=MM50290&je_cd=1
耐震・地震工学,https://risyu.saitama-u.ac.jp/Portal/Public/Syllabus/DetailMain.aspx?lct_year=2023&lct_cd=MM50300&je_cd=1
地盤環境工学特論(E),https://risyu.saitama-u.ac.jp/Portal/Public/Syllabus/DetailMain.aspx?lct_year=2023&lct_cd=MM50320&je_cd=1
地盤環境工学特論(E),https://risyu.saitama-u.ac.jp/Portal/Public/Syllabus/DetailMain.aspx?lct_year=2023&lct_cd=MM50320&je_cd=2
水圏数値解析実践(E),https://risyu.saitama-u.ac.jp/Portal/Public/Syllabus/DetailMain.aspx?lct_year=2023&lct_cd=MM50330&je_cd=1
科学技術英語特論Ⅰ,https://risyu.saitama-u.ac.jp/Portal/Public/Syllabus/DetailMain.aspx?lct_year=2023&lct_cd=MM50340&je_cd=1
科学技術英語特論Ⅰ,https://risyu.saitama-u.ac.jp/Portal/Public/Syllabus/DetailMain.aspx?lct_year=2023&lct_cd=MM50340&je_cd=2
科学技術英語特論Ⅱ(E),https://risyu.saitama-u.ac.jp/Portal/Public/Syllabus/DetailMain.aspx?lct_year=2023&lct_cd=MM50350&je_cd=1
科学技術英語特論Ⅱ(E),https://risyu.saitama-u.ac.jp/Portal/Public/Syllabus/DetailMain.aspx?lct_year=2023&lct_cd=MM50350&je_cd=2
国際工学資格(FE資格),https://risyu.saitama-u.ac.jp/Portal/Public/Syllabus/DetailMain.aspx?lct_year=2023&lct_cd=MM50360&je_cd=1
国際工学資格(FE資格),https://risyu.saitama-u.ac.jp/Portal/Public/Syllabus/DetailMain.aspx?lct_year=2023&lct_cd=MM50360&je_cd=2
地域景観特論(JE),https://risyu.saitama-u.ac.jp/Portal/Public/Syllabus/DetailMain.aspx?lct_year=2023&lct_cd=MM50370&je_cd=1
地域景観特論(JE),https://risyu.saitama-u.ac.jp/Portal/Public/Syllabus/DetailMain.aspx?lct_year=2023&lct_cd=MM50370&je_cd=2
アドヴァンスト・インターンシップ,https://risyu.saitama-u.ac.jp/Portal/Public/Syllabus/DetailMain.aspx?lct_year=2023&lct_cd=MM50380&je_cd=1
土木のためのAIとデータサイエンス(JE),https://risyu.saitama-u.ac.jp/Portal/Public/Syllabus/DetailMain.aspx?lct_year=2023&lct_cd=MM50390&je_cd=1
水質管理特論(JE),https://risyu.saitama-u.ac.jp/Portal/Public/Syllabus/DetailMain.aspx?lct_year=2023&lct_cd=MM50400&je_cd=1
生物環境応答特論(E),https://risyu.saitama-u.ac.jp/Portal/Public/Syllabus/DetailMain.aspx?lct_year=2023&lct_cd=MM50410&je_cd=1
生物環境応答特論(E),https://risyu.saitama-u.ac.jp/Portal/Public/Syllabus/DetailMain.aspx?lct_year=2023&lct_cd=MM50410&je_cd=2
地球システム科学特論,https://risyu.saitama-u.ac.jp/Portal/Public/Syllabus/DetailMain.aspx?lct_year=2023&lct_cd=MM60010&je_cd=1
未来デザイン・バックキャスト論,https://risyu.saitama-u.ac.jp/Portal/Public/Syllabus/DetailMain.aspx?lct_year=2023&lct_cd=MM60020&je_cd=1
国際電気・環境規格特論,https://risyu.saitama-u.ac.jp/Portal/Public/Syllabus/DetailMain.aspx?lct_year=2023&lct_cd=MM60030&je_cd=1
環境経済学,https://risyu.saitama-u.ac.jp/Portal/Public/Syllabus/DetailMain.aspx?lct_year=2023&lct_cd=MM60040&je_cd=1
Public Policies and SDGs,https://risyu.saitama-u.ac.jp/Portal/Public/Syllabus/DetailMain.aspx?lct_year=2023&lct_cd=MM60050&je_cd=1
Public Policies and SDGs,https://risyu.saitama-u.ac.jp/Portal/Public/Syllabus/DetailMain.aspx?lct_year=2023&lct_cd=MM60050&je_cd=2
資源循環制御科学,https://risyu.saitama-u.ac.jp/Portal/Public/Syllabus/DetailMain.aspx?lct_year=2023&lct_cd=MM60060&je_cd=1
光応用技術特論,https://risyu.saitama-u.ac.jp/Portal/Public/Syllabus/DetailMain.aspx?lct_year=2023&lct_cd=MM60070&je_cd=1
植物分子育種学特論,https://risyu.saitama-u.ac.jp/Portal/Public/Syllabus/DetailMain.aspx?lct_year=2023&lct_cd=MM60080&je_cd=1
エネルギー変換化学特論,https://risyu.saitama-u.ac.jp/Portal/Public/Syllabus/DetailMain.aspx?lct_year=2023&lct_cd=MM60090&je_cd=1
地域景観特論,https://risyu.saitama-u.ac.jp/Portal/Public/Syllabus/DetailMain.aspx?lct_year=2023&lct_cd=MM60100&je_cd=1
地域景観特論,https://risyu.saitama-u.ac.jp/Portal/Public/Syllabus/DetailMain.aspx?lct_year=2023&lct_cd=MM60100&je_cd=2
Rural environment and ecosystem,https://risyu.saitama-u.ac.jp/Portal/Public/Syllabus/DetailMain.aspx?lct_year=2023&lct_cd=MM60110&je_cd=1
Rural environment and ecosystem,https://risyu.saitama-u.ac.jp/Portal/Public/Syllabus/DetailMain.aspx?lct_year=2023&lct_cd=MM60110&je_cd=2
環境分析化学特論,https://risyu.saitama-u.ac.jp/Portal/Public/Syllabus/DetailMain.aspx?lct_year=2023&lct_cd=MM60121&je_cd=1
地圏環境学特論,https://risyu.saitama-u.ac.jp/Portal/Public/Syllabus/DetailMain.aspx?lct_year=2023&lct_cd=MM60131&je_cd=1
水環境工学特論,https://risyu.saitama-u.ac.jp/Portal/Public/Syllabus/DetailMain.aspx?lct_year=2023&lct_cd=MM60140&je_cd=1
応用学際インターンシップ,https://risyu.saitama-u.ac.jp/Portal/Public/Syllabus/DetailMain.aspx?lct_year=2023&lct_cd=MM60150&je_cd=1
グローバルパートナーシップ,https://risyu.saitama-u.ac.jp/Portal/Public/Syllabus/DetailMain.aspx?lct_year=2023&lct_cd=MM60160&je_cd=1
農作物栽培技術演習,https://risyu.saitama-u.ac.jp/Portal/Public/Syllabus/DetailMain.aspx?lct_year=2023&lct_cd=MM60170&je_cd=1
データ解析学演習,https://risyu.saitama-u.ac.jp/Portal/Public/Syllabus/DetailMain.aspx?lct_year=2023&lct_cd=MM60180&je_cd=1
科学技術応用学際特別演習Ⅰ,https://risyu.saitama-u.ac.jp/Portal/Public/Syllabus/DetailMain.aspx?lct_year=2023&lct_cd=MM6019-01&je_cd=1
科学技術応用学際特別演習Ⅰ,https://risyu.saitama-u.ac.jp/Portal/Public/Syllabus/DetailMain.aspx?lct_year=2023&lct_cd=MM6019-02&je_cd=1
科学技術応用学際特別演習Ⅰ,https://risyu.saitama-u.ac.jp/Portal/Public/Syllabus/DetailMain.aspx?lct_year=2023&lct_cd=MM6019-02&je_cd=2
科学技術応用学際特別演習Ⅰ,https://risyu.saitama-u.ac.jp/Portal/Public/Syllabus/DetailMain.aspx?lct_year=2023&lct_cd=MM6019-03&je_cd=1
科学技術応用学際特別演習Ⅰ,https://risyu.saitama-u.ac.jp/Portal/Public/Syllabus/DetailMain.aspx?lct_year=2023&lct_cd=MM6019-04&je_cd=1
科学技術応用学際特別演習Ⅰ,https://risyu.saitama-u.ac.jp/Portal/Public/Syllabus/DetailMain.aspx?lct_year=2023&lct_cd=MM6019-05&je_cd=1
科学技術応用学際特別演習Ⅰ,https://risyu.saitama-u.ac.jp/Portal/Public/Syllabus/DetailMain.aspx?lct_year=2023&lct_cd=MM6019-06&je_cd=1
科学技術応用学際特別演習Ⅰ,https://risyu.saitama-u.ac.jp/Portal/Public/Syllabus/DetailMain.aspx?lct_year=2023&lct_cd=MM6019-08&je_cd=1
科学技術応用学際特別演習Ⅰ,https://risyu.saitama-u.ac.jp/Portal/Public/Syllabus/DetailMain.aspx?lct_year=2023&lct_cd=MM6019-08&je_cd=2
科学技術応用学際特別演習Ⅰ,https://risyu.saitama-u.ac.jp/Portal/Public/Syllabus/DetailMain.aspx?lct_year=2023&lct_cd=MM6019-09&je_cd=1
科学技術応用学際特別演習Ⅰ,https://risyu.saitama-u.ac.jp/Portal/Public/Syllabus/DetailMain.aspx?lct_year=2023&lct_cd=MM6019-10&je_cd=1
科学技術応用学際特別演習Ⅱ,https://risyu.saitama-u.ac.jp/Portal/Public/Syllabus/DetailMain.aspx?lct_year=2023&lct_cd=MM6020-01&je_cd=1
科学技術応用学際特別演習Ⅱ,https://risyu.saitama-u.ac.jp/Portal/Public/Syllabus/DetailMain.aspx?lct_year=2023&lct_cd=MM6020-02&je_cd=1
科学技術応用学際特別演習Ⅱ,https://risyu.saitama-u.ac.jp/Portal/Public/Syllabus/DetailMain.aspx?lct_year=2023&lct_cd=MM6020-02&je_cd=2
科学技術応用学際特別演習Ⅱ,https://risyu.saitama-u.ac.jp/Portal/Public/Syllabus/DetailMain.aspx?lct_year=2023&lct_cd=MM6020-03&je_cd=1
科学技術応用学際特別演習Ⅱ,https://risyu.saitama-u.ac.jp/Portal/Public/Syllabus/DetailMain.aspx?lct_year=2023&lct_cd=MM6020-04&je_cd=1
科学技術応用学際特別演習Ⅱ,https://risyu.saitama-u.ac.jp/Portal/Public/Syllabus/DetailMain.aspx?lct_year=2023&lct_cd=MM6020-05&je_cd=1
科学技術応用学際特別演習Ⅱ,https://risyu.saitama-u.ac.jp/Portal/Public/Syllabus/DetailMain.aspx?lct_year=2023&lct_cd=MM6020-06&je_cd=1
科学技術応用学際特別演習Ⅱ,https://risyu.saitama-u.ac.jp/Portal/Public/Syllabus/DetailMain.aspx?lct_year=2023&lct_cd=MM6020-08&je_cd=1
科学技術応用学際特別演習Ⅱ,https://risyu.saitama-u.ac.jp/Portal/Public/Syllabus/DetailMain.aspx?lct_year=2023&lct_cd=MM6020-08&je_cd=2
科学技術応用学際特別演習Ⅱ,https://risyu.saitama-u.ac.jp/Portal/Public/Syllabus/DetailMain.aspx?lct_year=2023&lct_cd=MM6020-09&je_cd=1
科学技術応用学際特別演習Ⅱ,https://risyu.saitama-u.ac.jp/Portal/Public/Syllabus/DetailMain.aspx?lct_year=2023&lct_cd=MM6020-10&je_cd=1
科学技術応用学際特別輪講Ⅰ,https://risyu.saitama-u.ac.jp/Portal/Public/Syllabus/DetailMain.aspx?lct_year=2023&lct_cd=MM6021-01&je_cd=1
科学技術応用学際特別輪講Ⅰ,https://risyu.saitama-u.ac.jp/Portal/Public/Syllabus/DetailMain.aspx?lct_year=2023&lct_cd=MM6021-02&je_cd=1
科学技術応用学際特別輪講Ⅰ,https://risyu.saitama-u.ac.jp/Portal/Public/Syllabus/DetailMain.aspx?lct_year=2023&lct_cd=MM6021-02&je_cd=2
科学技術応用学際特別輪講Ⅰ,https://risyu.saitama-u.ac.jp/Portal/Public/Syllabus/DetailMain.aspx?lct_year=2023&lct_cd=MM6021-03&je_cd=1
科学技術応用学際特別輪講Ⅰ,https://risyu.saitama-u.ac.jp/Portal/Public/Syllabus/DetailMain.aspx?lct_year=2023&lct_cd=MM6021-04&je_cd=1
科学技術応用学際特別輪講Ⅰ,https://risyu.saitama-u.ac.jp/Portal/Public/Syllabus/DetailMain.aspx?lct_year=2023&lct_cd=MM6021-05&je_cd=1
科学技術応用学際特別輪講Ⅰ,https://risyu.saitama-u.ac.jp/Portal/Public/Syllabus/DetailMain.aspx?lct_year=2023&lct_cd=MM6021-06&je_cd=1
科学技術応用学際特別輪講Ⅰ,https://risyu.saitama-u.ac.jp/Portal/Public/Syllabus/DetailMain.aspx?lct_year=2023&lct_cd=MM6021-08&je_cd=1
科学技術応用学際特別輪講Ⅰ,https://risyu.saitama-u.ac.jp/Portal/Public/Syllabus/DetailMain.aspx?lct_year=2023&lct_cd=MM6021-08&je_cd=2
科学技術応用学際特別輪講Ⅰ,https://risyu.saitama-u.ac.jp/Portal/Public/Syllabus/DetailMain.aspx?lct_year=2023&lct_cd=MM6021-09&je_cd=1
科学技術応用学際特別輪講Ⅰ,https://risyu.saitama-u.ac.jp/Portal/Public/Syllabus/DetailMain.aspx?lct_year=2023&lct_cd=MM6021-10&je_cd=1
科学技術応用学際特別輪講Ⅱ,https://risyu.saitama-u.ac.jp/Portal/Public/Syllabus/DetailMain.aspx?lct_year=2023&lct_cd=MM6022-01&je_cd=1
科学技術応用学際特別輪講Ⅱ,https://risyu.saitama-u.ac.jp/Portal/Public/Syllabus/DetailMain.aspx?lct_year=2023&lct_cd=MM6022-02&je_cd=1
科学技術応用学際特別輪講Ⅱ,https://risyu.saitama-u.ac.jp/Portal/Public/Syllabus/DetailMain.aspx?lct_year=2023&lct_cd=MM6022-02&je_cd=2
科学技術応用学際特別輪講Ⅱ,https://risyu.saitama-u.ac.jp/Portal/Public/Syllabus/DetailMain.aspx?lct_year=2023&lct_cd=MM6022-03&je_cd=1
科学技術応用学際特別輪講Ⅱ,https://risyu.saitama-u.ac.jp/Portal/Public/Syllabus/DetailMain.aspx?lct_year=2023&lct_cd=MM6022-04&je_cd=1
科学技術応用学際特別輪講Ⅱ,https://risyu.saitama-u.ac.jp/Portal/Public/Syllabus/DetailMain.aspx?lct_year=2023&lct_cd=MM6022-05&je_cd=1
科学技術応用学際特別輪講Ⅱ,https://risyu.saitama-u.ac.jp/Portal/Public/Syllabus/DetailMain.aspx?lct_year=2023&lct_cd=MM6022-06&je_cd=1
科学技術応用学際特別輪講Ⅱ,https://risyu.saitama-u.ac.jp/Portal/Public/Syllabus/DetailMain.aspx?lct_year=2023&lct_cd=MM6022-08&je_cd=1
科学技術応用学際特別輪講Ⅱ,https://risyu.saitama-u.ac.jp/Portal/Public/Syllabus/DetailMain.aspx?lct_year=2023&lct_cd=MM6022-08&je_cd=2
科学技術応用学際特別輪講Ⅱ,https://risyu.saitama-u.ac.jp/Portal/Public/Syllabus/DetailMain.aspx?lct_year=2023&lct_cd=MM6022-09&je_cd=1
科学技術応用学際特別輪講Ⅱ,https://risyu.saitama-u.ac.jp/Portal/Public/Syllabus/DetailMain.aspx?lct_year=2023&lct_cd=MM6022-10&je_cd=1
国際教育特別演習Ⅱ,https://risyu.saitama-u.ac.jp/Portal/Public/Syllabus/DetailMain.aspx?lct_year=2023&lct_cd=MM80020&je_cd=1
科学技術日本語Ⅰ,https://risyu.saitama-u.ac.jp/Portal/Public/Syllabus/DetailMain.aspx?lct_year=2023&lct_cd=MM80030&je_cd=1
科学技術日本語Ⅰ,https://risyu.saitama-u.ac.jp/Portal/Public/Syllabus/DetailMain.aspx?lct_year=2023&lct_cd=MM80031&je_cd=1
科学技術日本語Ⅰ,https://risyu.saitama-u.ac.jp/Portal/Public/Syllabus/DetailMain.aspx?lct_year=2023&lct_cd=MM80032&je_cd=1
科学技術日本語Ⅰ,https://risyu.saitama-u.ac.jp/Portal/Public/Syllabus/DetailMain.aspx?lct_year=2023&lct_cd=MM80032&je_cd=2
科学技術日本語Ⅰ,https://risyu.saitama-u.ac.jp/Portal/Public/Syllabus/DetailMain.aspx?lct_year=2023&lct_cd=MM80033&je_cd=1
科学技術日本語Ⅰ,https://risyu.saitama-u.ac.jp/Portal/Public/Syllabus/DetailMain.aspx?lct_year=2023&lct_cd=MM80033&je_cd=2
科学技術日本語Ⅱ,https://risyu.saitama-u.ac.jp/Portal/Public/Syllabus/DetailMain.aspx?lct_year=2023&lct_cd=MM80040&je_cd=1
科学技術日本語Ⅱ,https://risyu.saitama-u.ac.jp/Portal/Public/Syllabus/DetailMain.aspx?lct_year=2023&lct_cd=MM80041&je_cd=1
科学技術日本語Ⅱ,https://risyu.saitama-u.ac.jp/Portal/Public/Syllabus/DetailMain.aspx?lct_year=2023&lct_cd=MM80041&je_cd=2
科学技術日本語Ⅱ,https://risyu.saitama-u.ac.jp/Portal/Public/Syllabus/DetailMain.aspx?lct_year=2023&lct_cd=MM80042&je_cd=1
科学技術日本語Ⅱ,https://risyu.saitama-u.ac.jp/Portal/Public/Syllabus/DetailMain.aspx?lct_year=2023&lct_cd=MM80042&je_cd=2
科学技術日本語Ⅱ,https://risyu.saitama-u.ac.jp/Portal/Public/Syllabus/DetailMain.aspx?lct_year=2023&lct_cd=MM80043&je_cd=1
科学技術日本語Ⅲ,https://risyu.saitama-u.ac.jp/Portal/Public/Syllabus/DetailMain.aspx?lct_year=2023&lct_cd=MM80050&je_cd=1
科学技術日本語Ⅲ,https://risyu.saitama-u.ac.jp/Portal/Public/Syllabus/DetailMain.aspx?lct_year=2023&lct_cd=MM80051&je_cd=1
特別研修A１,https://risyu.saitama-u.ac.jp/Portal/Public/Syllabus/DetailMain.aspx?lct_year=2023&lct_cd=MM80060&je_cd=1
特別研修A２,https://risyu.saitama-u.ac.jp/Portal/Public/Syllabus/DetailMain.aspx?lct_year=2023&lct_cd=MM80070&je_cd=1
特別研修A３,https://risyu.saitama-u.ac.jp/Portal/Public/Syllabus/DetailMain.aspx?lct_year=2023&lct_cd=MM80080&je_cd=1
特別研修A４,https://risyu.saitama-u.ac.jp/Portal/Public/Syllabus/DetailMain.aspx?lct_year=2023&lct_cd=MM80090&je_cd=1
特別研修B１,https://risyu.saitama-u.ac.jp/Portal/Public/Syllabus/DetailMain.aspx?lct_year=2023&lct_cd=MM80100&je_cd=1
特別研修B２,https://risyu.saitama-u.ac.jp/Portal/Public/Syllabus/DetailMain.aspx?lct_year=2023&lct_cd=MM80110&je_cd=1
特別研修B３,https://risyu.saitama-u.ac.jp/Portal/Public/Syllabus/DetailMain.aspx?lct_year=2023&lct_cd=MM80120&je_cd=1
特別研修B４,https://risyu.saitama-u.ac.jp/Portal/Public/Syllabus/DetailMain.aspx?lct_year=2023&lct_cd=MM80130&je_cd=1
課題解決型特別演習DⅠ,https://risyu.saitama-u.ac.jp/Portal/Public/Syllabus/DetailMain.aspx?lct_year=2023&lct_cd=MM80142&je_cd=1
課題解決型特別演習DⅡ,https://risyu.saitama-u.ac.jp/Portal/Public/Syllabus/DetailMain.aspx?lct_year=2023&lct_cd=MM80145&je_cd=1
課題解決型特別演習E,https://risyu.saitama-u.ac.jp/Portal/Public/Syllabus/DetailMain.aspx?lct_year=2023&lct_cd=MM80150&je_cd=1
課題解決型特別演習E,https://risyu.saitama-u.ac.jp/Portal/Public/Syllabus/DetailMain.aspx?lct_year=2023&lct_cd=MM80151&je_cd=1
課題解決型特別演習FⅠ,https://risyu.saitama-u.ac.jp/Portal/Public/Syllabus/DetailMain.aspx?lct_year=2023&lct_cd=MM80160&je_cd=1
課題解決型特別演習FⅡ,https://risyu.saitama-u.ac.jp/Portal/Public/Syllabus/DetailMain.aspx?lct_year=2023&lct_cd=MM80161&je_cd=1
技術者のための産業経営特論,https://risyu.saitama-u.ac.jp/Portal/Public/Syllabus/DetailMain.aspx?lct_year=2023&lct_cd=MM87010&je_cd=1
技術者のための産業経営特論,https://risyu.saitama-u.ac.jp/Portal/Public/Syllabus/DetailMain.aspx?lct_year=2023&lct_cd=MM87011&je_cd=1
知的財産権の概要とその活用,https://risyu.saitama-u.ac.jp/Portal/Public/Syllabus/DetailMain.aspx?lct_year=2023&lct_cd=MM87020&je_cd=1
イノベーションとマーケティング特論,https://risyu.saitama-u.ac.jp/Portal/Public/Syllabus/DetailMain.aspx?lct_year=2023&lct_cd=MM87030&je_cd=1
課題解決型特別演習AⅠ,https://risyu.saitama-u.ac.jp/Portal/Public/Syllabus/DetailMain.aspx?lct_year=2023&lct_cd=MM87040&je_cd=1
課題解決型特別演習AⅠ,https://risyu.saitama-u.ac.jp/Portal/Public/Syllabus/DetailMain.aspx?lct_year=2023&lct_cd=MM87041&je_cd=1
課題解決型特別演習AⅡ,https://risyu.saitama-u.ac.jp/Portal/Public/Syllabus/DetailMain.aspx?lct_year=2023&lct_cd=MM87050&je_cd=1
課題解決型特別演習AⅡ,https://risyu.saitama-u.ac.jp/Portal/Public/Syllabus/DetailMain.aspx?lct_year=2023&lct_cd=MM87051&je_cd=1
課題解決型特別演習B,https://risyu.saitama-u.ac.jp/Portal/Public/Syllabus/DetailMain.aspx?lct_year=2023&lct_cd=MM87060&je_cd=1
課題解決型特別演習B,https://risyu.saitama-u.ac.jp/Portal/Public/Syllabus/DetailMain.aspx?lct_year=2023&lct_cd=MM87061&je_cd=1
課題解決型特別演習C,https://risyu.saitama-u.ac.jp/Portal/Public/Syllabus/DetailMain.aspx?lct_year=2023&lct_cd=MM87072&je_cd=1
海外インターンシップ,https://risyu.saitama-u.ac.jp/Portal/Public/Syllabus/DetailMain.aspx?lct_year=2023&lct_cd=MM87080&je_cd=1
データサイエンス基礎,https://risyu.saitama-u.ac.jp/Portal/Public/Syllabus/DetailMain.aspx?lct_year=2023&lct_cd=MM88010&je_cd=1
機械学習特論,https://risyu.saitama-u.ac.jp/Portal/Public/Syllabus/DetailMain.aspx?lct_year=2023&lct_cd=MM88020&je_cd=1
データマイニング特別演習,https://risyu.saitama-u.ac.jp/Portal/Public/Syllabus/DetailMain.aspx?lct_year=2023&lct_cd=MM88030&je_cd=1
データマイニング特別演習,https://risyu.saitama-u.ac.jp/Portal/Public/Syllabus/DetailMain.aspx?lct_year=2023&lct_cd=MM88031&je_cd=1
科学プレゼンテーションⅡ,https://risyu.saitama-u.ac.jp/Portal/Public/Syllabus/DetailMain.aspx?lct_year=2023&lct_cd=MM89010&je_cd=1
科学プレゼンテーションⅢ,https://risyu.saitama-u.ac.jp/Portal/Public/Syllabus/DetailMain.aspx?lct_year=2023&lct_cd=MM89020&je_cd=1
HiSEP特別講義Ⅲ,https://risyu.saitama-u.ac.jp/Portal/Public/Syllabus/DetailMain.aspx?lct_year=2023&lct_cd=MM89030&je_cd=1
HiSEP特別講義Ⅳ,https://risyu.saitama-u.ac.jp/Portal/Public/Syllabus/DetailMain.aspx?lct_year=2023&lct_cd=MM89040&je_cd=1
